player_id,first_name,last_name,short_name,ranking,ranking_double,country,sex,age,birth_date,hand,height,weight,image_url,player_card_url
33249,Aryna,SABALENKA,A.SABALENKA,1,,---,F,28 years-old,(5 May 1998),Right,-,-,https://images.prismic.io/fft-rg-site/ZlW5U6WtHYXtT2GL_33249_G.png,/en-us/players/33249-a.sabalenka
39723,Jannik,SINNER,J.SINNER,1,,ITA,M,24 years-old,(16 August 2001),Right,-,-,https://images.prismic.io/fft-rg-site/aeoo8cBOoF08xQF__20260118_PJ_SinnerJannik_US.png,/en-us/players/39723-j.sinner
52776,Seira,MATSUOKA,S.MATSUOKA,2,,JPN,F,16 years-old,(13 January 2010),-,-,-,,/en-us/players/52776-s.matsuoka
38569,Elena,RYBAKINA,E.RYBAKINA,2,276,KAZ,F,26 years-old,(17 June 1999),Right,-,-,https://images.prismic.io/fft-rg-site/aetaisBOoF08xRzT_20260302_PJ_RybakinaElena_US.png,/en-us/players/38569-e.rybakina
40613,Iga,SWIATEK,I.SWIATEK,3,,POL,F,24 years-old,(31 May 2001),Right,-,-,https://images.prismic.io/fft-rg-site/aetanMBOoF08xRzl_20260303_PJ_SwiatekIga_US.png,/en-us/players/40613-i.swiatek
30350,Alexander,ZVEREV,A.ZVEREV,3,127,GER,M,29 years-old,(20 April 1997),Right,-,-,https://images.prismic.io/fft-rg-site/aeooosBOoF08xQEk_20260116_PJ_AlexanderZverev_US.png,/en-us/players/30350-a.zverev
9801,Novak,DJOKOVIC,N.DJOKOVIC,4,,SRB,M,39 years-old,(22 May 1987),Right,-,-,https://images.prismic.io/fft-rg-site/aeoovMBOoF08xQFC_20260117_PJ_DjokovicNovak_US.png,/en-us/players/9801-n.djokovic
44185,Coco,GAUFF,C.GAUFF,4,65,USA,F,22 years-old,(13 March 2004),Right,-,-,https://images.prismic.io/fft-rg-site/aetakMBOoF08xRzZ_20260303_PJ_GauffCoco_US.png,/en-us/players/44185-c.gauff
21863,Jessica,PEGULA,J.PEGULA,5,80,USA,F,32 years-old,(24 February 1994),Right,-,-,https://images.prismic.io/fft-rg-site/4d5eb0cb-163f-414c-8c4a-21688f2a983e_20240305_PJ_PegulaJessica_US.png,/en-us/players/21863-j.pegula
47345,Ben,SHELTON,B.SHELTON,5,120,USA,M,23 years-old,(9 October 2002),Left,-,-,https://images.prismic.io/fft-rg-site/aDQQUidWJ-7kSiAh_47345_G.png,/en-us/players/47345-b.shelton
40607,Amanda,ANISIMOVA,A.ANISIMOVA,6,,USA,F,24 years-old,(31 August 2001),Right,-,-,https://images.prismic.io/fft-rg-site/4b9e669c-429d-40df-bc01-fccc7ac3c5e1_20190304_PJ_AnisimovaAmanda_US.png,/en-us/players/40607-a.anisimova
36701,Felix,AUGER-ALIASSIME,F.AUGER-ALIASSIME,6,254,CAN,M,25 years-old,(8 August 2000),Right,-,-,https://images.prismic.io/fft-rg-site/655738fd-1741-49a9-b251-2f19b84cb70a_20240108_PJ_AugerAliassimeFelix_US.png,/en-us/players/36701-f.auger-aliassime
52785,Lizzy,DE GREEF,L.DE GREEF,7,14,NED,F,22 years-old,(7 April 2004),-,-,-,https://images.prismic.io/fft-rg-site/aDwivrh8WN-LVc1b_52785_G.png,/en-us/players/52785-l.de-greef
36276,Alex,DE MINAUR,A.DE MINAUR,7,,AUS,M,27 years-old,(17 February 1999),Right,-,-,https://images.prismic.io/fft-rg-site/aeoo-sBOoF08xQGM_20260119_PJ_DeMinaurAlex_US.png,/en-us/players/36276-a.de-minaur
23968,Elina,SVITOLINA,E.SVITOLINA,7,,UKR,F,31 years-old,(12 September 1994),Right,-,-,https://images.prismic.io/fft-rg-site/aetam8BOoF08xRzk_20260303_PJ_SvitolinaElina_US.png,/en-us/players/23968-e.svitolina
48819,Mirra,ANDREEVA,M.ANDREEVA,8,19,---,F,19 years-old,(29 April 2007),Right,-,-,https://images.prismic.io/fft-rg-site/aetahMBOoF08xRzN_20260302_PJ_AndreevaMira_US.png,/en-us/players/48819-m.andreeva
28836,Daniil,MEDVEDEV,D.MEDVEDEV,8,,---,M,30 years-old,(11 February 1996),Right,-,-,https://images.prismic.io/fft-rg-site/aeoorMBOoF08xQEw_20260116_PJ_MedvedevDaniil_US.png,/en-us/players/28836-d.medvedev
34350,Taylor,FRITZ,T.FRITZ,9,356,USA,M,28 years-old,(28 October 1997),Right,-,-,https://images.prismic.io/fft-rg-site/aeoopsBOoF08xQEo_20260116_PJ_FritzTaylor_US.png,/en-us/players/34350-t.fritz
47486,Victoria,MBOKO,V.MBOKO,9,133,CAN,F,19 years-old,(26 August 2006),Right,-,-,https://images.prismic.io/fft-rg-site/aetak8BOoF08xRzc_20260303_PJ_MbokoVicky_US.png,/en-us/players/47486-v.mboko
29098,Alexander,BUBLIK,A.BUBLIK,10,364,KAZ,M,28 years-old,(17 June 1997),Right,-,-,https://images.prismic.io/fft-rg-site/aeoo1sBOoF08xQFf_20260118_PJ_BublikAlexander_US.png,/en-us/players/29098-a.bublik
35961,Karolina,MUCHOVA,K.MUCHOVA,10,161,CZE,F,29 years-old,(21 August 1996),Right,-,-,https://images.prismic.io/fft-rg-site/2ada83e7-832b-4023-b1f5-4d4fe5394585_20200311_PJ_MuchovaKarolina_US.png,/en-us/players/35961-k.muchova
28865,Belinda,BENCIC,B.BENCIC,11,,SUI,F,29 years-old,(10 March 1997),Right,-,-,https://images.prismic.io/fft-rg-site/aetahcBOoF08xRzO_20260302_PJ_BencicBelinda_US.png,/en-us/players/28865-b.bencic
43155,Jiri,LEHECKA,J.LEHECKA,12,178,CZE,M,24 years-old,(8 November 2001),Right,-,-,https://images.prismic.io/fft-rg-site/aeooqsBOoF08xQEt_20260116_PJ_LeheckaJiri_US.png,/en-us/players/43155-j.lehecka
45660,Linda,NOSKOVA,L.NOSKOVA,12,83,CZE,F,21 years-old,(17 November 2004),Right,-,-,https://images.prismic.io/fft-rg-site/aetaicBOoF08xRzS_20260302_PJ_NoskovaLinda_US.png,/en-us/players/45660-l.noskova
33206,Jasmine,PAOLINI,J.PAOLINI,13,7,ITA,F,30 years-old,(4 January 1996),Right,-,-,https://images.prismic.io/fft-rg-site/aDQbRCdWJ-7kSiK__33206_G.png,/en-us/players/33206-j.paolini
31132,Andrey,RUBLEV,A.RUBLEV,13,135,---,M,28 years-old,(20 October 1997),Right,-,-,https://images.prismic.io/fft-rg-site/aeoosMBOoF08xQE0_20260116_PJ_RublevAndrey_US.png,/en-us/players/31132-a.rublev
30361,Ekaterina,ALEXANDROVA,E.ALEXANDROVA,14,51,---,F,31 years-old,(15 November 1994),Right,-,-,https://images.prismic.io/fft-rg-site/0195839a-286a-4d80-b5f2-b66e42350099_20240305_PJ_AlexandrovaEkaterina_US.png,/en-us/players/30361-e.alexandrova
42928,Flavio,COBOLLI,F.COBOLLI,14,,ITA,M,24 years-old,(6 May 2002),Right,-,-,https://images.prismic.io/fft-rg-site/aeoou8BOoF08xQFB_20260117_PJ_CobolliFlavio_US.png,/en-us/players/42928-f.cobolli
29528,Karen,KHACHANOV,K.KHACHANOV,15,115,---,M,30 years-old,(21 May 1996),Right,-,-,https://images.prismic.io/fft-rg-site/aeoop8BOoF08xQEp_20260116_PJ_KhachanovKaren_US.png,/en-us/players/29528-k.khachanov
40683,Marta,KOSTYUK,M.KOSTYUK,15,215,UKR,F,23 years-old,(28 June 2002),Right,-,-,https://images.prismic.io/fft-rg-site/aDQZzydWJ-7kSiI-_40683_G.png,/en-us/players/40683-m.kostyuk
30764,Naomi,OSAKA,N.OSAKA,16,,JPN,F,28 years-old,(16 October 1997),Right,-,-,https://images.prismic.io/fft-rg-site/aDQbIidWJ-7kSiKo_30764_G.png,/en-us/players/30764-n.osaka
36389,Casper,RUUD,C.RUUD,16,,NOR,M,27 years-old,(22 December 1998),Right,-,-,https://images.prismic.io/fft-rg-site/aeoox8BOoF08xQFO_20260117_PJ_RuudCasper_US.png,/en-us/players/36389-c.ruud
45420,Luciano,DARDERI,L.DARDERI,17,180,ITA,M,24 years-old,(14 February 2002),Right,-,-,https://images.prismic.io/fft-rg-site/aDQTLSdWJ-7kSiD-_45420_G.png,/en-us/players/45420-l.darderi
50685,Iva,JOVIC,I.JOVIC,17,110,USA,F,18 years-old,(6 December 2007),Right,-,-,https://images.prismic.io/fft-rg-site/aDQY0ydWJ-7kSiIQ_50685_G.png,/en-us/players/50685-i.jovic
14440,Sorana,CIRSTEA,S.CIRSTEA,18,79,ROU,F,36 years-old,(7 April 1990),Right,-,-,https://images.prismic.io/fft-rg-site/ef406178-2247-4b3f-8947-f904b63a02cb_20240304_PJ_CirsteaSorana_US.png,/en-us/players/14440-s.cirstea
49322,Learner,TIEN,L.TIEN,18,298,USA,M,20 years-old,(2 December 2005),Left,-,-,https://images.prismic.io/fft-rg-site/aeootcBOoF08xQE7_20260116_PJ_TienLearner_US.png,/en-us/players/49322-l.tien
24265,Madison,KEYS,M.KEYS,19,,USA,F,31 years-old,(17 February 1995),Right,-,-,https://images.prismic.io/fft-rg-site/aetah8BOoF08xRzQ_20260302_PJ_KeysMadison_US.png,/en-us/players/24265-m.keys
37843,Valentin,VACHEROT,V.VACHEROT,19,104,MON,M,27 years-old,(16 November 1998),Right,-,-,https://images.prismic.io/fft-rg-site/aeopB8BOoF08xQGa_20260119_PJ_VacherotValentin_US.png,/en-us/players/37843-v.vacherot
42533,Clara,TAUSON,C.TAUSON,20,77,DEN,F,23 years-old,(21 December 2002),Right,-,-,https://images.prismic.io/fft-rg-site/aDQeuCdWJ-7kSiNv_42533_G.png,/en-us/players/42533-c.tauson
26448,Elise,MERTENS,E.MERTENS,21,3,BEL,F,30 years-old,(17 November 1995),Right,-,-,https://images.prismic.io/fft-rg-site/7bb2deb8-2878-497b-8ed1-f258bbdcc487_20240305_PJ_MertensElise_US.png,/en-us/players/26448-e.mertens
33541,Tommy,PAUL,T.PAUL,21,,USA,M,29 years-old,(17 May 1997),Right,-,-,https://images.prismic.io/fft-rg-site/4e310bca-e21b-43fe-b847-88c88aa5b09b_Paul.png,/en-us/players/33541-t.paul
43643,Leylah,FERNANDEZ,L.FERNANDEZ,22,81,CAN,F,23 years-old,(6 September 2002),Left,-,-,https://images.prismic.io/fft-rg-site/493a6996-5be6-4006-a0e1-7e161fd42b6e_20240305_PJ_FernandezLeylah_US.png,/en-us/players/43643-l.fernandez
35361,Frances,TIAFOE,F.TIAFOE,22,,USA,M,28 years-old,(20 January 1998),Right,-,-,https://images.prismic.io/fft-rg-site/aeootMBOoF08xQE6_20260116_PJ_TiafoeFrances_US.png,/en-us/players/35361-f.tiafoe
39036,Alejandro,DAVIDOVICH FOKINA,A.DAVIDOVICH FOKINA,23,,ESP,M,26 years-old,(5 June 1999),Right,-,-,https://images.prismic.io/fft-rg-site/752f36f6-8a8c-48be-937e-8e5635ae3913_20240112_PJ_DavidovichFokinaAlejandro_US.png,/en-us/players/39036-a.davidovich-fokina
45655,Diana,SHNAIDER,D.SHNAIDER,23,18,---,F,22 years-old,(2 April 2004),Left,-,-,https://images.prismic.io/fft-rg-site/aetag8BOoF08xRzM_20260301_PJ_ShnaiderDiana_US.png,/en-us/players/45655-d.shnaider
33663,Anna,KALINSKAYA,A.KALINSKAYA,24,141,---,F,27 years-old,(2 December 1998),Right,-,-,https://images.prismic.io/fft-rg-site/aDQZBidWJ-7kSiIV_33663_G.png,/en-us/players/33663-a.kalinskaya
28593,Cameron,NORRIE,C.NORRIE,24,255,GBR,M,30 years-old,(23 August 1995),Left,-,-,https://images.prismic.io/fft-rg-site/aeoo7MBOoF08xQF5_20260118_PJ_NorrieCameron_US.png,/en-us/players/28593-c.norrie
40210,Emma,NAVARRO,E.NAVARRO,25,,USA,F,25 years-old,(18 May 2001),Right,-,-,https://images.prismic.io/fft-rg-site/aDQbASdWJ-7kSiKT_40210_G.png,/en-us/players/40210-e.navarro
29969,Arthur,RINDERKNECH,A.RINDERKNECH,25,106,FRA,M,30 years-old,(23 July 1995),Right,-,-,https://images.prismic.io/fft-rg-site/aeooxsBOoF08xQFN_20260117_PJ_RinderknechArthur_US.png,/en-us/players/29969-a.rinderknech
42515,Hailey,BAPTISTE,H.BAPTISTE,26,129,USA,F,24 years-old,(3 November 2001),Right,-,-,https://images.prismic.io/fft-rg-site/aDlfXydWJ-7kSuCp_42515_G.png,/en-us/players/42515-h.baptiste
40998,Francisco,CERUNDOLO,F.CERUNDOLO,26,258,ARG,M,27 years-old,(13 August 1998),Right,-,-,https://images.prismic.io/fft-rg-site/aDQR5ydWJ-7kSiCJ_40998_G.png,/en-us/players/40998-f.cerundolo
47921,Jakub,MENSIK,J.MENSIK,27,360,CZE,M,20 years-old,(1 September 2005),Right,-,-,https://images.prismic.io/fft-rg-site/1282bb8f-c32c-41ed-8322-c8580f749f61_20240108_PJ_MensikJakub_US.png,/en-us/players/47921-j.mensik
33732,Liudmila,SAMSONOVA,L.SAMSONOVA,27,35,---,F,27 years-old,(11 November 1998),Right,-,-,https://images.prismic.io/fft-rg-site/4ef60ca2-7b4f-473a-bfe2-873560221724_20240305_PJ_SamsonovaLiudmila_US.png,/en-us/players/33732-l.samsonova
31217,Marie,BOUZKOVA,M.BOUZKOVA,28,69,CZE,F,27 years-old,(21 July 1998),Right,-,-,https://images.prismic.io/fft-rg-site/1bf627eb-0760-40b7-b64f-e21519ce0133_20240305_PJ_BouzkovaMarie_US.png,/en-us/players/31217-m.bouzkova
36989,Tomas Martin,ETCHEVERRY,TM.ETCHEVERRY,28,161,ARG,M,26 years-old,(18 July 1999),Right,-,-,https://images.prismic.io/fft-rg-site/aeoo2cBOoF08xQFi_20260118_PJ_EtcheverryTomasMartin_US.png,/en-us/players/36989-tm.etcheverry
49822,Rafael,JODAR,R.JODAR,29,352,ESP,M,19 years-old,(17 September 2006),Right,-,-,https://images.prismic.io/fft-rg-site/aeoo4cBOoF08xQFt_20260118_PJ_JodarRafael_US.png,/en-us/players/49822-r.jodar
40660,Ann,LI,A.LI,29,136,USA,F,25 years-old,(26 June 2000),Right,-,-,https://images.prismic.io/fft-rg-site/Zkrrdyol0Zci9RdV_20240518_PJ_LiAnn_US.png,/en-us/players/40660-a.li
48336,Joao,FONSECA,J.FONSECA,30,159,BRA,M,19 years-old,(21 August 2006),Right,-,-,https://images.prismic.io/fft-rg-site/aeoov8BOoF08xQFF_20260117_PJ_FonsecaJoao_US.png,/en-us/players/48336-j.fonseca
38726,Anastasia,POTAPOVA,A.POTAPOVA,30,143,AUT,F,25 years-old,(30 March 2001),Right,-,-,https://images.prismic.io/fft-rg-site/aDQcZydWJ-7kSiLY_38726_G.png,/en-us/players/38726-a.potapova
46070,Ignacio,BUSE,I.BUSE,31,,PER,M,22 years-old,(25 March 2004),Right,-,-,https://images.prismic.io/fft-rg-site/aCoVVidWJ-7kSQwp_46070_G.png,/en-us/players/46070-i.buse
28758,Jelena,OSTAPENKO,J.OSTAPENKO,31,12,LAT,F,28 years-old,(8 June 1997),Right,-,-,https://images.prismic.io/fft-rg-site/a1fe46bd-a86d-4c97-8bb7-b8b92d96deb8_20240305_PJ_OstapenkoJelena_US.png,/en-us/players/28758-j.ostapenko
32989,Jaqueline,CRISTIAN,J.CRISTIAN,32,93,ROU,F,27 years-old,(5 June 1998),Right,-,-,https://images.prismic.io/fft-rg-site/aetaoMBOoF08xRzp_20260415_PJ_CristianJaqueline_US.png,/en-us/players/32989-j.cristian
36307,Ugo,HUMBERT,U.HUMBERT,32,,FRA,M,27 years-old,(26 June 1998),Left,-,-,https://images.prismic.io/fft-rg-site/2c014f30-f1a7-4055-8442-1a0934b83f13_20240113_PJ_HumbertUgo_US.png,/en-us/players/36307-u.humbert
35655,Cristina,BUCSA,C.BUCSA,33,17,ESP,F,28 years-old,(1 January 1998),Right,-,-,https://images.prismic.io/fft-rg-site/aDQiuydWJ-7kSiQv_35655_G.png,/en-us/players/35655-c.bucsa
33456,Tallon,GRIEKSPOOR,T.GRIEKSPOOR,33,179,NED,M,29 years-old,(2 July 1996),Right,-,-,https://images.prismic.io/fft-rg-site/aeoo3MBOoF08xQFn_20260118_PJ_GriekspoorTallon_US.png,/en-us/players/33456-t.griekspoor
36358,Corentin,MOUTET,C.MOUTET,34,353,FRA,M,27 years-old,(19 April 1999),Left,-,-,https://images.prismic.io/fft-rg-site/aeoow8BOoF08xQFK_20260117_PJ_MoutetCorentin_US.png,/en-us/players/36358-c.moutet
40635,Xinyu,WANG,X.WANG,34,134,CHN,F,24 years-old,(26 September 2001),Right,-,-,https://images.prismic.io/fft-rg-site/aDQhUSdWJ-7kSiQI_40635_G.png,/en-us/players/40635-x.wang
47532,Sara,BEJLEK,S.BEJLEK,35,,CZE,F,20 years-old,(31 January 2006),Left,-,-,https://images.prismic.io/fft-rg-site/aCoYfCdWJ-7kSQxp_47532_G.png,/en-us/players/47532-s.bejlek
41418,Brandon,NAKASHIMA,B.NAKASHIMA,35,331,USA,M,24 years-old,(3 August 2001),Right,-,-,https://images.prismic.io/fft-rg-site/aeoor8BOoF08xQEz_20260116_PJ_NakashimaBrandon_US.png,/en-us/players/41418-b.nakashima
28779,Katerina,SINIAKOVA,K.SINIAKOVA,36,1,CZE,F,30 years-old,(10 May 1996),Right,-,-,https://images.prismic.io/fft-rg-site/aetajcBOoF08xRzW_20260302_PJ_SiniakovaKatarina_US.png,/en-us/players/28779-k.siniakova
33575,Alejandro,TABILO,A.TABILO,36,456,CHI,M,28 years-old,(2 June 1997),Left,-,-,https://images.prismic.io/fft-rg-site/aeopBcBOoF08xQGY_20260119_PJ_TabiloAlejandro_US.png,/en-us/players/33575-a.tabilo
47993,Alexander,BLOCKX,A.BLOCKX,37,,BEL,M,21 years-old,(8 April 2005),Right,-,-,https://images.prismic.io/fft-rg-site/aCoY4idWJ-7kSQxt_47993_G.png,/en-us/players/47993-a.blockx
45659,Alexandra,EALA,A.EALA,37,116,PHI,F,21 years-old,(23 May 2005),Left,-,-,https://images.prismic.io/fft-rg-site/aDQXdCdWJ-7kSiGj_45659_G.png,/en-us/players/45659-a.eala
43602,Elisabetta,COCCIARETTO,E.COCCIARETTO,38,353,ITA,F,25 years-old,(25 January 2001),Right,-,-,https://images.prismic.io/fft-rg-site/f6a3dabb-5d57-41f7-bb90-af276694c125_20240302_PJ_CocciarettoElisabetta_US.png,/en-us/players/43602-e.cocciaretto
44967,Mariano,NAVONE,M.NAVONE,38,,ARG,M,25 years-old,(27 February 2001),Right,-,-,https://images.prismic.io/fft-rg-site/8f32b5e2-4809-4cd7-a959-8e4af30c214d_20240406_PJ_NavoneMariano_US.png,/en-us/players/44967-m.navone
42575,Emma,RADUCANU,E.RADUCANU,39,265,GBR,F,23 years-old,(13 November 2002),Right,-,-,https://images.prismic.io/fft-rg-site/aeof6sBOoF08xP9y_42575_G.png,/en-us/players/42575-e.raducanu
35246,Denis,SHAPOVALOV,D.SHAPOVALOV,39,354,CAN,M,27 years-old,(15 April 1999),Left,-,-,https://images.prismic.io/fft-rg-site/aeopA8BOoF08xQGW_20260119_PJ_ShapovalovDenis_US.png,/en-us/players/35246-d.shapovalov
36748,Zizou,BERGS,Z.BERGS,40,,BEL,M,26 years-old,(3 June 1999),Right,-,-,https://images.prismic.io/fft-rg-site/aeootsBOoF08xQE8_20260117_PJ_BergsZizou_US.png,/en-us/players/36748-z.bergs
44215,Janice,TJEN,J.TJEN,40,42,INA,F,24 years-old,(6 May 2002),Right,-,-,https://images.prismic.io/fft-rg-site/aetancBOoF08xRzm_20260303_TjenJanice_US.png,/en-us/players/44215-j.tjen
26436,Barbora,KREJCIKOVA,B.KREJCIKOVA,41,59,CZE,F,30 years-old,(18 December 1995),Right,-,-,https://images.prismic.io/fft-rg-site/ahBAa7K9tuLqEEuN_20260521_PJ_KrejcikovaBarbora_US.png,/en-us/players/26436-b.krejcikova
33529,Jaume,MUNAR,J.MUNAR,41,321,ESP,M,29 years-old,(5 May 1997),Right,-,-,https://images.prismic.io/fft-rg-site/aeoo6sBOoF08xQF2_20260118_PJ_MunarJaume_US.png,/en-us/players/33529-j.munar
49300,Alex,MICHELSEN,A.MICHELSEN,42,80,USA,M,21 years-old,(25 August 2004),Right,-,-,https://images.prismic.io/fft-rg-site/e5abee9b-b38e-4a75-a003-b4929d81309e_20240113_PJ_MichelsenAlex_US.png,/en-us/players/49300-a.michelsen
49227,Tereza,VALENTOVA,T.VALENTOVA,42,244,CZE,F,19 years-old,(20 February 2007),Right,-,-,https://images.prismic.io/fft-rg-site/aCoZfCdWJ-7kSQx0_49227_G.png,/en-us/players/49227-t.valentova
46655,Lois,BOISSON,L.BOISSON,43,,FRA,F,23 years-old,(16 May 2003),Right,-,-,https://images.prismic.io/fft-rg-site/agMxz6YofJOwHIRw_20240818_PJ_BoissonLois_US.png,/en-us/players/46655-l.boisson
40499,Tomas,MACHAC,T.MACHAC,43,149,CZE,M,25 years-old,(13 October 2000),Right,-,-,https://images.prismic.io/fft-rg-site/aDQVLSdWJ-7kSiFU_40499_G.png,/en-us/players/40499-t.machac
13859,Adrian,MANNARINO,A.MANNARINO,45,,FRA,M,37 years-old,(29 June 1988),Left,-,-,https://images.prismic.io/fft-rg-site/811504fd-734b-4684-a75a-82cafde8d5a4_20240108_PJ_MannarinoAdrian_US.png,/en-us/players/13859-a.mannarino
38338,Dayana,YASTREMSKA,D.YASTREMSKA,45,456,UKR,F,26 years-old,(15 May 2000),Right,-,-,https://images.prismic.io/fft-rg-site/717b821e-f3c9-4712-b070-e496e2be865d_20240305_PJ_YastremskaDayana_US.png,/en-us/players/38338-d.yastremska
11674,Marin,CILIC,M.CILIC,46,,CRO,M,37 years-old,(28 September 1988),Right,-,-,https://images.prismic.io/fft-rg-site/aCnwnCdWJ-7kSQpY_11674_G.png,/en-us/players/11674-m.cilic
33031,Magdalena,FRECH,M.FRECH,46,178,POL,F,28 years-old,(15 December 1997),Right,-,-,https://images.prismic.io/fft-rg-site/aDQXvCdWJ-7kSiG-_33031_G.png,/en-us/players/33031-m.frech
9086,Laura,SIEGEMUND,L.SIEGEMUND,47,21,GER,F,38 years-old,(4 March 1988),Right,-,-,https://images.prismic.io/fft-rg-site/09d19724-f9f6-4c48-b3a3-c439efa53476_20190303_PJ_SiegemundLaura_US.png,/en-us/players/9086-l.siegemund
38353,Miomir,KECMANOVIC,M.KECMANOVIC,48,,SRB,M,26 years-old,(31 August 1999),Right,-,-,https://images.prismic.io/fft-rg-site/aeoo4sBOoF08xQFu_20260118_PJ_KecmanovicMiomir_US.png,/en-us/players/38353-m.kecmanovic
42617,Mccartney,KESSLER,M.KESSLER,48,72,USA,F,26 years-old,(8 July 1999),Right,-,-,https://images.prismic.io/fft-rg-site/399afabd-9556-4dc7-a4f8-f14302f48861_20240305_PJ_KesslerMcCartney_US.png,/en-us/players/42617-m.kessler
46130,Gabriel,DIALLO,G.DIALLO,49,439,CAN,M,24 years-old,(24 September 2001),Right,-,-,https://images.prismic.io/fft-rg-site/aeoo_MBOoF08xQGO_20260119_PJ_DialloGabriel_US.png,/en-us/players/46130-g.diallo
28771,Maria,SAKKARI,M.SAKKARI,49,,GRE,F,30 years-old,(25 July 1995),Right,-,-,https://images.prismic.io/fft-rg-site/aDQdLSdWJ-7kSiLx_28771_G.png,/en-us/players/28771-m.sakkari
44201,Jessica,BOUZAS MANEIRO,J.BOUZAS MANEIRO,50,,ESP,F,23 years-old,(24 September 2002),Right,-,-,https://images.prismic.io/fft-rg-site/9cec93af-a37b-42cf-a967-bdcd99853ed3_20240305_PJ_BouzasJessica_US.png,/en-us/players/44201-j.bouzas-maneiro
48134,Ethan,QUINN,E.QUINN,50,,USA,M,22 years-old,(12 March 2004),Right,-,-,https://images.prismic.io/fft-rg-site/aeooxcBOoF08xQFM_20260117_PJ_QuinnEthan_US.png,/en-us/players/48134-e.quinn
36781,Nuno,BORGES,N.BORGES,51,182,POR,M,29 years-old,(19 February 1997),Right,-,-,https://images.prismic.io/fft-rg-site/aeoo08BOoF08xQFc_20260118_PJ_BorgesNuno_US.png,/en-us/players/36781-n.borges
47397,Petra,MARCINKO,P.MARCINKO,51,425,CRO,F,20 years-old,(4 December 2005),Right,-,-,https://images.prismic.io/fft-rg-site/aetaesBOoF08xRzD_20260228_PJ_MarcinkoPetra_US.png,/en-us/players/47397-p.marcinko
43979,Terence,ATMANE,T.ATMANE,52,,FRA,M,24 years-old,(9 January 2002),Left,-,-,https://images.prismic.io/fft-rg-site/aeoo0MBOoF08xQFZ_20260118_PJ_AtmaneTerence_US.png,/en-us/players/43979-t.atmane
50682,Maya,JOINT,M.JOINT,52,38,AUS,F,20 years-old,(16 April 2006),Right,-,-,https://images.prismic.io/fft-rg-site/8abed9ad-898d-458f-b3d9-314e2a21102a_20230602_PJ_JointMaya_US.png,/en-us/players/50682-m.joint
22568,Yannick,HANFMANN,Y.HANFMANN,53,,GER,M,34 years-old,(13 November 1991),Right,-,-,https://images.prismic.io/fft-rg-site/ahMrFrK9tuLqEGxW_20260524_PJ_HanfmannYannick_US.png,/en-us/players/22568-y.hanfmann
31281,Daria,KASATKINA,D.KASATKINA,53,476,AUS,F,29 years-old,(7 May 1997),Right,-,-,https://images.prismic.io/fft-rg-site/aDQZTidWJ-7kSiIq_31281_G.png,/en-us/players/31281-d.kasatkina
8546,Tatjana,MARIA,T.MARIA,54,,GER,F,38 years-old,(8 August 1987),Right,-,-,https://images.prismic.io/fft-rg-site/aetae8BOoF08xRzE_20260228_PJ_MariaTatjana_US.png,/en-us/players/8546-t.maria
41365,Fabian,MAROZSAN,F.MAROZSAN,54,363,HUN,M,26 years-old,(8 October 1999),Right,-,-,https://images.prismic.io/fft-rg-site/2fa2784f-0191-469e-a954-c76d784ee9e1_20240108_PJ_MarozsanFabian_US.png,/en-us/players/41365-f.marozsan
42203,Yuliia,STARODUBTSEVA,Y.STARODUBTSEVA,55,406,UKR,F,26 years-old,(17 February 2000),Right,-,-,https://images.prismic.io/fft-rg-site/aetamcBOoF08xRzi_20260303_PJ_StarodubtsevaYulia_US.png,/en-us/players/42203-y.starodubtseva
30238,Botic,VAN DE ZANDSCHULP,B.VAN DE ZANDSCHULP,55,359,NED,M,30 years-old,(4 October 1995),Right,-,-,https://images.prismic.io/fft-rg-site/aeooysBOoF08xQFR_20260117_PJ_VanDeZandschulpBotic_US.png,/en-us/players/30238-b.van-de-zandschulp
40999,Juan Manuel,CERUNDOLO,JM.CERUNDOLO,56,491,ARG,M,24 years-old,(15 November 2001),Left,-,-,https://images.prismic.io/fft-rg-site/aeooucBOoF08xQE__20260117_PJ_CerundoloJuanManuel_US.png,/en-us/players/40999-jm.cerundolo
42560,Qinwen,ZHENG,Q.ZHENG,56,,CHN,F,23 years-old,(8 October 2002),Right,-,-,https://images.prismic.io/fft-rg-site/5ee917df-b017-4181-b733-e37daac1cd7c_20240303_PJ_QinwenZheng_US.png,/en-us/players/42560-q.zheng
33851,Daniel,ALTMAIER,D.ALTMAIER,57,,GER,M,27 years-old,(12 September 1998),Right,-,-,https://images.prismic.io/fft-rg-site/aeoozcBOoF08xQFV_20260118_PJ_AltmaierDaniel_US.png,/en-us/players/33851-d.altmaier
33616,Anna,BONDAR,A.BONDAR,57,131,HUN,F,28 years-old,(27 May 1997),Right,-,-,https://images.prismic.io/fft-rg-site/aetagcBOoF08xRzK_20260301_PJ_BondarAnna_US.png,/en-us/players/33616-a.bondar
45842,Talia,GIBSON,T.GIBSON,58,128,AUS,F,21 years-old,(18 June 2004),Right,-,-,https://images.prismic.io/fft-rg-site/aCoU_ydWJ-7kSQwm_45842_G.png,/en-us/players/45842-t.gibson
45423,Hamad,MEDJEDOVIC,H.MEDJEDOVIC,58,,SRB,M,22 years-old,(18 July 2003),Right,-,-,https://images.prismic.io/fft-rg-site/d222075e-dbd3-4a2e-81b5-6b20ef10aa55_20240112_PJ_MedjedovicHamad_US.png,/en-us/players/45423-h.medjedovic
38582,Panna,UDVARDY,P.UDVARDY,59,201,HUN,F,27 years-old,(28 September 1998),Right,-,-,https://images.prismic.io/fft-rg-site/aCoEBSdWJ-7kSQtt_38582_G.png,/en-us/players/38582-p.udvardy
38437,Camilo,UGO CARABELLI,C.UGO CARABELLI,59,192,ARG,M,26 years-old,(17 June 1999),Right,-,-,https://images.prismic.io/fft-rg-site/aeoo9MBOoF08xQGC_20260118_PJ_UgoCarabelliCamilo_US.png,/en-us/players/38437-c.ugo-carabelli
31276,Anhelina,KALININA,A.KALININA,60,,UKR,F,29 years-old,(7 February 1997),Right,-,-,https://images.prismic.io/fft-rg-site/aDAi1SdWJ-7kSeRb_31276_G.png,/en-us/players/31276-a.kalinina
41715,Thiago Agustin,TIRANTE,TA.TIRANTE,60,425,ARG,M,25 years-old,(10 April 2001),Right,-,-,https://images.prismic.io/fft-rg-site/aeopBsBOoF08xQGZ_20260119_PJ_TiranteThiagoAgustin_US.png,/en-us/players/41715-ta.tirante
36373,Alexei,POPYRIN,A.POPYRIN,61,,AUS,M,26 years-old,(5 August 1999),Right,-,-,https://images.prismic.io/fft-rg-site/aeoo7sBOoF08xQF7_20260118_PJ_PopyrinAlexei_US.png,/en-us/players/36373-a.popyrin
11362,Shuai,ZHANG,S.ZHANG,61,10,CHN,F,37 years-old,(21 January 1989),Right,-,-,https://images.prismic.io/fft-rg-site/aCnwdSdWJ-7kSQpX_11362_G.png,/en-us/players/11362-s.zhang
45429,Raphael,COLLIGNON,R.COLLIGNON,62,,BEL,M,24 years-old,(13 January 2002),Right,-,-,https://images.prismic.io/fft-rg-site/aeoopMBOoF08xQEm_20260116_PJ_CollignonRaphael_US.png,/en-us/players/45429-r.collignon
40967,Jenson,BROOKSBY,J.BROOKSBY,63,,USA,M,25 years-old,(26 October 2000),Right,-,-,https://images.prismic.io/fft-rg-site/aeoo1cBOoF08xQFe_20260118_PJ_BrooksbyJenson_US.png,/en-us/players/40967-j.brooksby
40614,Caty,MCNALLY,C.MCNALLY,63,46,USA,F,24 years-old,(20 November 2001),Right,-,-,https://images.prismic.io/fft-rg-site/0a171b09-c688-4325-af23-821f92f3ebe1_Mcnally.png,/en-us/players/40614-c.mcnally
40442,Sebastian,BAEZ,S.BAEZ,64,,ARG,M,25 years-old,(28 December 2000),Right,-,-,https://images.prismic.io/fft-rg-site/b9ad2a56-db89-4097-ac3e-e885e211d978_20240111_PJ_BaezSebastian_US.png,/en-us/players/40442-s.baez
45694,Antonia,RUZIC,A.RUZIC,64,,CRO,F,23 years-old,(20 January 2003),Right,-,-,https://images.prismic.io/fft-rg-site/aetagsBOoF08xRzL_20260301_PJ_RuzicAntonia_US.png,/en-us/players/45694-a.ruzic
22454,Marton,FUCSOVICS,M.FUCSOVICS,65,,HUN,M,34 years-old,(8 February 1992),Right,-,-,https://images.prismic.io/fft-rg-site/4ad60d55-ccfe-4057-ba74-e9eec85f2461_20240113_PJ_FucsovicsMarton_US.png,/en-us/players/22454-m.fucsovics
42629,Oleksandra,OLIYNYKOVA,O.OLIYNYKOVA,65,,UKR,F,25 years-old,(3 January 2001),Right,-,-,https://images.prismic.io/fft-rg-site/afsy2sBOoF08xq9a_20260319_PJ_OliynykovaOleksandra_USok.png,/en-us/players/42629-o.oliynykova
36324,Vit,KOPRIVA,V.KOPRIVA,66,,CZE,M,28 years-old,(15 June 1997),Right,-,-,https://images.prismic.io/fft-rg-site/25be2871-bb32-4047-8f36-52a4aa40aae8_20231017_PJ_KoprivaVit_US.png,/en-us/players/36324-v.kopriva
42733,Zeynep,SONMEZ,Z.SONMEZ,66,309,TUR,F,24 years-old,(30 April 2002),Right,-,-,https://images.prismic.io/fft-rg-site/aDQd2idWJ-7kSiMg_42733_G.png,/en-us/players/42733-z.sonmez
43689,Elsa,JACQUEMOT,E.JACQUEMOT,67,171,FRA,F,23 years-old,(3 May 2003),Right,-,-,https://images.prismic.io/fft-rg-site/afsymsBOoF08xq8Q_20201006_PJ_JacquemotElsa_US.png,/en-us/players/43689-e.jacquemot
41293,Aleksandar,KOVACEVIC,A.KOVACEVIC,67,,USA,M,27 years-old,(29 August 1998),Right,-,-,https://images.prismic.io/fft-rg-site/aeoowMBOoF08xQFH_20260117_PJ_KovacevicAleksandar_US.png,/en-us/players/41293-a.kovacevic
43963,Roman Andres,BURRUCHAGA,RA.BURRUCHAGA,68,,ARG,M,24 years-old,(23 January 2002),Right,-,-,https://images.prismic.io/fft-rg-site/aCnN3CdWJ-7kSQko_43963_G.png,/en-us/players/43963-ra.burruchaga
47053,Solana,SIERRA,S.SIERRA,68,,ARG,F,21 years-old,(17 June 2004),Right,-,-,https://images.prismic.io/fft-rg-site/aCoWKydWJ-7kSQxB_47053_G.png,/en-us/players/47053-s.sierra
47415,Nikola,BARTUNKOVA,N.BARTUNKOVA,69,,CZE,F,20 years-old,(25 February 2006),Right,-,-,https://images.prismic.io/fft-rg-site/f0132fa4-5cb2-43bf-a74c-84e48d45ee93_20220528_PJ_BartunkovaNikola_US.png,/en-us/players/47415-n.bartunkova
48028,Martin,LANDALUCE,M.LANDALUCE,69,,ESP,M,20 years-old,(8 January 2006),Right,-,-,https://images.prismic.io/fft-rg-site/aCoY-CdWJ-7kSQxv_48028_G.png,/en-us/players/48028-m.landaluce
35289,Lorenzo,SONEGO,L.SONEGO,70,95,ITA,M,31 years-old,(11 May 1995),Right,-,-,https://images.prismic.io/fft-rg-site/aeopBMBOoF08xQGX_20260119_PJ_SonegoLorenzo_US.png,/en-us/players/35289-l.sonego
28673,Katie,BOULTER,K.BOULTER,71,234,GBR,F,29 years-old,(1 August 1996),Right,-,-,https://images.prismic.io/fft-rg-site/aDQWridWJ-7kSiF6_28673_G.png,/en-us/players/28673-k.boulter
46559,Adolfo Daniel,VALLEJO,AD.VALLEJO,71,,PAR,M,22 years-old,(28 April 2004),Right,-,-,https://images.prismic.io/fft-rg-site/506e5697-f0f9-4c15-ba60-5002932979de_20220528_PJ_VallejoAdolfoDaniel___US.png,/en-us/players/46559-ad.vallejo
47952,Dino,PRIZMIC,D.PRIZMIC,72,,CRO,M,20 years-old,(5 August 2005),Right,-,-,https://images.prismic.io/fft-rg-site/aeoo78BOoF08xQF8_20260118_PJ_PrizmicDino_US.png,/en-us/players/47952-d.prizmic
26513,Donna,VEKIC,D.VEKIC,72,,CRO,F,29 years-old,(28 June 1996),Right,-,-,https://images.prismic.io/fft-rg-site/aDQg5idWJ-7kSiP0_26513_G.png,/en-us/players/26513-d.vekic
44168,Mattia,BELLUCCI,M.BELLUCCI,73,357,ITA,M,24 years-old,(1 June 2001),Left,-,-,https://images.prismic.io/fft-rg-site/e414a98d-bf3c-46d6-9f64-0ba3f6e61f98_Bellucci.png,/en-us/players/44168-m.bellucci
21355,Magda,LINETTE,M.LINETTE,73,121,POL,F,34 years-old,(12 February 1992),Right,-,-,https://images.prismic.io/fft-rg-site/bd07b613-ec22-4713-8757-ac1c0150c153_20180307_PJ_LinetteMagda_US.png,/en-us/players/21355-m.linette
42348,Valentin,ROYER,V.ROYER,74,,FRA,M,24 years-old,(29 May 2001),Right,-,-,https://images.prismic.io/fft-rg-site/aeoo8MBOoF08xQF-_20260118_PJ_RoyerValentin_US.png,/en-us/players/42348-v.royer
31392,Renata,ZARAZUA,R.ZARAZUA,74,123,MEX,F,28 years-old,(30 September 1997),Right,-,-,https://images.prismic.io/fft-rg-site/8b524c33-c13b-4f8a-b3b8-33f3083c570b_20200922_PJ_ZarazuaRenata_US.png,/en-us/players/31392-r.zarazua
28420,Taylor,TOWNSEND,T.TOWNSEND,75,2,USA,F,30 years-old,(16 April 1996),Left,-,-,https://images.prismic.io/fft-rg-site/aetan8BOoF08xRzo_20260304_PJ_TownsendTaylor_US.png,/en-us/players/28420-t.townsend
32402,Reilly,OPELKA,R.OPELKA,76,,USA,M,28 years-old,(28 August 1997),Right,-,-,https://images.prismic.io/fft-rg-site/0e48ae03-1f69-4e77-8c18-d5e042597c2c_20220309_PJ_OpelkaReilly_US.png,/en-us/players/32402-r.opelka
26021,Yulia,PUTINTSEVA,Y.PUTINTSEVA,76,180,KAZ,F,31 years-old,(7 January 1995),Right,-,-,https://images.prismic.io/fft-rg-site/9c18a942-bf0a-433d-8110-18733fb88c07_20180526_PJ_PutintsevaYulia_US.png,/en-us/players/26021-y.putintseva
33731,Elena-Gabriela,RUSE,EG.RUSE,77,86,ROU,F,28 years-old,(6 November 1997),Right,-,-,https://images.prismic.io/fft-rg-site/aDQc1idWJ-7kSiLd_33731_G.png,/en-us/players/33731-eg.ruse
31091,Kamil,MAJCHRZAK,K.MAJCHRZAK,78,,POL,M,30 years-old,(13 January 1996),Right,-,-,https://images.prismic.io/fft-rg-site/57ccc551-eaf9-458b-b4ac-4dc282e97cb1_20220308_PJ_MajchrzakKamil_US.png,/en-us/players/31091-k.majchrzak
42566,Peyton,STEARNS,P.STEARNS,78,88,USA,F,24 years-old,(8 October 2001),Right,-,-,https://images.prismic.io/fft-rg-site/93841b3d-cdeb-465e-985e-e2df03358660_20240304_PJ_StearnsPeyton_US.png,/en-us/players/42566-p.stearns
42132,Alycia,PARKS,A.PARKS,79,210,USA,F,25 years-old,(31 December 2000),Right,-,-,https://images.prismic.io/fft-rg-site/aDQbaCdWJ-7kSiLD_42132_G.png,/en-us/players/42132-a.parks
35398,Stefanos,TSITSIPAS,S.TSITSIPAS,79,257,GRE,M,27 years-old,(12 August 1998),Right,-,-,https://images.prismic.io/fft-rg-site/d00f664e-c7ea-43de-a8a9-920fcd256a37_20240113_PJ_TsitsipasStefanos_US.png,/en-us/players/35398-s.tsitsipas
23386,Jan-Lennard,STRUFF,JL.STRUFF,80,,GER,M,36 years-old,(25 April 1990),Right,-,-,https://images.prismic.io/fft-rg-site/aeoo8sBOoF08xQGA_20260118_PJ_StruffJanLennard_US.png,/en-us/players/23386-jl.struff
47135,Anastasia,ZAKHAROVA,A.ZAKHAROVA,80,,---,F,24 years-old,(18 January 2002),Right,-,-,https://images.prismic.io/fft-rg-site/aCoWeydWJ-7kSQxF_47135_G.png,/en-us/players/47135-a.zakharova
43748,Eva,LYS,E.LYS,81,,GER,F,24 years-old,(12 January 2002),Right,-,-,https://images.prismic.io/fft-rg-site/aetaiMBOoF08xRzR_20260302_PJ_LysEva_US.png,/en-us/players/43748-e.lys
21069,Marco,TRUNGELLITI,M.TRUNGELLITI,81,,ARG,M,36 years-old,(31 January 1990),Right,-,-,https://images.prismic.io/fft-rg-site/aCsCmydWJ-7kSSMb_21069_G.png,/en-us/players/21069-m.trungelliti
21600,James,DUCKWORTH,J.DUCKWORTH,82,362,AUS,M,34 years-old,(21 January 1992),Right,-,-,https://images.prismic.io/fft-rg-site/aCwkWydWJ-7kSUt2_21600_G.png,/en-us/players/21600-j.duckworth
23738,Viktorija,GOLUBIC,V.GOLUBIC,82,442,SUI,F,33 years-old,(16 October 1992),Right,-,-,https://images.prismic.io/fft-rg-site/42a79ad9-7285-47f5-98c0-06568317f09c_20180526_PJ_GolubicViktorija_US.png,/en-us/players/23738-v.golubic
32938,Kimberly,BIRRELL,K.BIRRELL,83,95,AUS,F,28 years-old,(29 April 1998),Right,-,-,https://images.prismic.io/fft-rg-site/601ee702-0f4f-4981-9509-c4ce4590bf8d_20230528_PJ_BirrellKimberly_US.png,/en-us/players/32938-k.birrell
44112,Giovanni,MPETSHI PERRICARD,G.MPETSHI PERRICARD,83,,FRA,M,22 years-old,(8 July 2003),Right,-,-,https://images.prismic.io/fft-rg-site/aDQSGidWJ-7kSiCZ_44112_G.png,/en-us/players/44112-g.mpetshi-perricard
38700,Veronika,ERJAVEC,V.ERJAVEC,84,102,SLO,F,26 years-old,(30 December 1999),Right,-,-,https://images.prismic.io/fft-rg-site/aCoFTCdWJ-7kSQuM_38700_G.png,/en-us/players/38700-v.erjavec
24807,Marcos,GIRON,M.GIRON,84,,USA,M,32 years-old,(24 July 1993),Right,-,-,https://images.prismic.io/fft-rg-site/aDQTgidWJ-7kSiER_24807_G.png,/en-us/players/24807-m.giron
45140,Zachary,SVAJDA,Z.SVAJDA,85,,USA,M,23 years-old,(29 November 2002),Right,-,-,https://images.prismic.io/fft-rg-site/ZkpE3iol0Zci9RHe_20240516_PJ_SvajdaZachary_US.png,/en-us/players/45140-z.svajda
47234,Daniel,MERIDA,D.MERIDA,86,,ESP,M,21 years-old,(26 September 2004),Right,-,-,https://images.prismic.io/fft-rg-site/b9f1ef94-f06f-429f-b65c-1241636299d4_20210605_PJ_MeridaAguilarDaniel_US.png,/en-us/players/47234-d.merida
40720,Camila,OSORIO,C.OSORIO,86,214,COL,F,24 years-old,(22 December 2001),Right,-,-,https://images.prismic.io/fft-rg-site/e64fa337-2810-4eff-94c1-1da281ad0a64_20240305_PJ_OsorioCamilla_US.png,/en-us/players/40720-c.osorio
20338,Damir,DZUMHUR,D.DZUMHUR,87,,BIH,M,34 years-old,(20 May 1992),Right,-,-,https://images.prismic.io/fft-rg-site/aeoovcBOoF08xQFD_20260117_PJ_DzumhurDamir_US.png,/en-us/players/20338-d.dzumhur
35854,Sofia,KENIN,S.KENIN,87,34,USA,F,27 years-old,(14 November 1998),Right,-,-,https://images.prismic.io/fft-rg-site/aetakcBOoF08xRza_20260303_PJ_KeninSofia_US.png,/en-us/players/35854-s.kenin
44187,Oksana,SELEKHMETEVA,O.SELEKHMETEVA,88,382,ESP,F,23 years-old,(13 January 2003),Left,-,-,https://images.prismic.io/fft-rg-site/ZkpxhSol0Zci9RNK_20240518_PJ_SelekhmetevaOksana_US.png,/en-us/players/44187-o.selekhmeteva
42494,Alexander,SHEVCHENKO,A.SHEVCHENKO,88,,KAZ,M,25 years-old,(29 November 2000),Right,-,-,https://images.prismic.io/fft-rg-site/aDQPcidWJ-7kSiAQ_42494_G.png,/en-us/players/42494-a.shevchenko
21578,Pablo,CARRENO BUSTA,P.CARRENO BUSTA,89,,ESP,M,34 years-old,(12 July 1991),Right,-,-,https://images.prismic.io/fft-rg-site/d27445e7-da20-415c-8987-359e09b335ec_20220309_PJ_CarrenoB_UStaPablo_US.png,/en-us/players/21578-p.carreno-busta
40622,Kamilla,RAKHIMOVA,K.RAKHIMOVA,89,60,UZB,F,24 years-old,(28 August 2001),Right,-,-,https://images.prismic.io/fft-rg-site/aDFbUidWJ-7kSgxh_40622_G.png,/en-us/players/40622-k.rakhimova
31036,Quentin,HALYS,Q.HALYS,90,87,FRA,M,29 years-old,(26 October 1996),Right,-,-,https://images.prismic.io/fft-rg-site/4387636e-4871-4379-bb06-e23f90bf28ba_20240110_PJ_HalysQuentin_US.png,/en-us/players/31036-q.halys
52661,Lilli,TAGGER,L.TAGGER,90,,AUT,F,18 years-old,(17 February 2008),Right,-,-,https://images.prismic.io/fft-rg-site/aetaf8BOoF08xRzI_20260228_PJ_TaggerLilli_US.png,/en-us/players/52661-l.tagger
42500,Eliot,SPIZZIRRI,E.SPIZZIRRI,91,,USA,M,24 years-old,(23 December 2001),Right,-,-,https://images.prismic.io/fft-rg-site/aCoPgydWJ-7kSQvg_42500_G.png,/en-us/players/42500-e.spizzirri
40366,Simona,WALTERT,S.WALTERT,91,122,SUI,F,25 years-old,(13 December 2000),Right,-,-,https://images.prismic.io/fft-rg-site/aCsE2CdWJ-7kSSRv_40366_G.png,/en-us/players/40366-s.waltert
40849,Diane,PARRY,D.PARRY,92,300,FRA,F,23 years-old,(1 September 2002),Right,-,-,https://images.prismic.io/fft-rg-site/ebc19f5b-c68d-4921-a90d-35629f04f687_20240304_PJ_ParryDiane_US.png,/en-us/players/40849-d.parry
38355,Yibing,WU,Y.WU,92,,CHN,M,26 years-old,(14 October 1999),Right,-,-,https://images.prismic.io/fft-rg-site/aeoo98BOoF08xQGF_20260118_PJ_WuYibing_US.png,/en-us/players/38355-y.wu
42601,Daria,SNIGUR,D.SNIGUR,93,,UKR,F,24 years-old,(27 March 2002),Right,-,-,https://images.prismic.io/fft-rg-site/aCnMASdWJ-7kSQkN_42601_G.png,/en-us/players/42601-d.snigur
38581,Emiliana,ARANGO,E.ARANGO,94,418,COL,F,25 years-old,(28 November 2000),Right,-,-,https://images.prismic.io/fft-rg-site/245abf06-0851-498a-a4a5-cee2ac6ac7a2_20240305_PJ_ArangoEmiliana_US.png,/en-us/players/38581-e.arango
41424,Emilio,NAVA,E.NAVA,94,,USA,M,24 years-old,(2 December 2001),Right,-,-,https://images.prismic.io/fft-rg-site/aeoo68BOoF08xQF3_20260118_PJ_NavaEmilio_US.png,/en-us/players/41424-e.nava
33416,Benjamin,BONZI,B.BONZI,95,236,FRA,M,29 years-old,(9 June 1996),Right,-,-,https://images.prismic.io/fft-rg-site/d3643bf5-25af-4c5e-9cbd-56cbd530dbba_20220308_PJ_BonziBenjamin_US.png,/en-us/players/33416-b.bonzi
30642,Tamara,KORPATSCH,T.KORPATSCH,95,431,GER,F,31 years-old,(12 May 1995),Right,-,-,https://images.prismic.io/fft-rg-site/ahLvSbK9tuLqEGdr_20260523_PJ_KorpatschTamara_US.png,/en-us/players/30642-t.korpatsch
47898,Ella,SEIDEL,E.SEIDEL,96,,GER,F,21 years-old,(14 February 2005),Right,-,-,https://images.prismic.io/fft-rg-site/aCoYmSdWJ-7kSQxq_47898_G.png,/en-us/players/47898-e.seidel
32829,Aleksandar,VUKIC,A.VUKIC,96,,AUS,M,30 years-old,(6 April 1996),Right,-,-,https://images.prismic.io/fft-rg-site/588abedb-cd6a-417d-ac49-d35eec21a948_20240111_PJ_VukicAleksandar_US.png,/en-us/players/32829-a.vukic
45779,Lanlana,TARARUDEE,L.TARARUDEE,97,,THA,F,21 years-old,(7 July 2004),Right,-,-,https://images.prismic.io/fft-rg-site/aCnPZidWJ-7kSQky_45779_G.png,/en-us/players/45779-l.tararudee
39851,Adam,WALTON,A.WALTON,97,493,AUS,M,27 years-old,(17 April 1999),Right,-,-,https://images.prismic.io/fft-rg-site/aeoo9sBOoF08xQGE_20260118_PJ_WaltonAdam_US.png,/en-us/players/39851-a.walton
41202,Rinky,HIJIKATA,R.HIJIKATA,98,62,AUS,M,25 years-old,(23 February 2001),Right,-,-,https://images.prismic.io/fft-rg-site/aeoo38BOoF08xQFr_20260118_PJ_HijikataRinky_US.png,/en-us/players/41202-r.hijikata
44194,Sinja,KRAUS,S.KRAUS,98,272,AUT,F,24 years-old,(29 April 2002),Right,-,-,https://images.prismic.io/fft-rg-site/aghw_6YofJOwHSxA_20260515_PJ_KrausSinja_US.png,/en-us/players/44194-s.kraus
31976,Hubert,HURKACZ,H.HURKACZ,99,,POL,M,29 years-old,(11 February 1997),Right,-,-,https://images.prismic.io/fft-rg-site/aeoo4MBOoF08xQFs_20260118_PJ_HurkaczHubert_US.png,/en-us/players/31976-h.hurkacz
45770,Hanne,VANDEWINKEL,H.VANDEWINKEL,99,,BEL,F,22 years-old,(21 May 2004),Right,-,-,https://images.prismic.io/fft-rg-site/aCoUxSdWJ-7kSQwj_45770_G.png,/en-us/players/45770-h.vandewinkel
19962,Ajla,TOMLJANOVIC,A.TOMLJANOVIC,100,,AUS,F,33 years-old,(7 May 1993),Right,-,-,https://images.prismic.io/fft-rg-site/aDFboydWJ-7kSgxi_19962_G.png,/en-us/players/19962-a.tomljanovic
46560,Luca,VAN ASSCHE,L.VAN ASSCHE,100,,FRA,M,22 years-old,(11 May 2004),Right,-,-,https://images.prismic.io/fft-rg-site/aeoo9cBOoF08xQGD_20260118_PJ_VanAsscheLuca_US.png,/en-us/players/46560-l.van-assche
31662,Jan,CHOINSKI,J.CHOINSKI,101,,GBR,M,29 years-old,(10 June 1996),Right,-,-,https://images.prismic.io/fft-rg-site/aCn5eidWJ-7kSQrp_31662_G.png,/en-us/players/31662-j.choinski
44339,Darja,VIDMANOVA,D.VIDMANOVA,101,194,CZE,F,23 years-old,(9 January 2003),Right,-,-,https://images.prismic.io/fft-rg-site/agsc9qYofJOwHVO1_20210604_PJ_VidmanovaDarja_US.png,/en-us/players/44339-d.vidmanova
42330,Francisco,COMESANA,F.COMESANA,102,,ARG,M,25 years-old,(6 October 2000),Right,-,-,https://images.prismic.io/fft-rg-site/aeoo-cBOoF08xQGJ_20260119_PJ_ComesanaFrancisco_US.png,/en-us/players/42330-f.comesana
40621,Francesca,JONES,F.JONES,102,,GBR,F,25 years-old,(19 September 2000),Right,-,-,https://images.prismic.io/fft-rg-site/aeuB88BOoF08xSLJ_20260228_PJ_JonesFrancesca_US.png,/en-us/players/40621-f.jones
33614,Anna,BLINKOVA,A.BLINKOVA,103,248,---,F,27 years-old,(10 September 1998),Right,-,-,https://images.prismic.io/fft-rg-site/aa83fef0-4d54-410c-85e0-7f299cacc07b_20240305_PJ_BlinkovaAnna_US.png,/en-us/players/33614-a.blinkova
37726,Sho,SHIMABUKURO,S.SHIMABUKURO,103,,JPN,M,28 years-old,(30 July 1997),Right,-,-,https://images.prismic.io/fft-rg-site/aghjuKYofJOwHSt0_20260514_PJ_ShimabukuroSho_US.png,/en-us/players/37726-s.shimabukuro
43964,Matteo,ARNALDI,M.ARNALDI,104,,ITA,M,25 years-old,(22 February 2001),Right,-,-,https://images.prismic.io/fft-rg-site/aeooz8BOoF08xQFY_20260118_PJ_ArnaldiMatteo_US.png,/en-us/players/43964-m.arnaldi
47392,Victoria,JIMENEZ KASINTSEVA,V.JIMENEZ KASINTSEVA,104,,AND,F,20 years-old,(9 August 2005),Left,-,-,https://images.prismic.io/fft-rg-site/agmM16YofJOwHTGk_20260517_PJ_VictoriaKasintsevaJimenez_US.png,/en-us/players/47392-v.jimenez-kasintseva
29046,Matteo,BERRETTINI,M.BERRETTINI,105,,ITA,M,30 years-old,(12 April 1996),Right,-,-,https://images.prismic.io/fft-rg-site/b1b0b3dd-38ed-46a6-8052-e78d8c989581_20240112_PJ_BerretiniMatteo_US.png,/en-us/players/29046-m.berrettini
28052,Beatriz,HADDAD MAIA,B.HADDAD MAIA,105,91,BRA,F,29 years-old,(30 May 1996),Left,-,-,https://images.prismic.io/fft-rg-site/aetaeMBOoF08xRzB_20260228_PJ_HaddadMaiaBeatriz_US.png,/en-us/players/28052-b.haddad-maia
42304,Jesper,DE JONG,J.DE JONG,106,,NED,M,25 years-old,(31 May 2000),Right,-,-,https://images.prismic.io/fft-rg-site/aeoo2MBOoF08xQFh_20260118_PJ_DeJongJesper_US.png,/en-us/players/42304-j.de-jong
18274,Karolina,PLISKOVA,Ka.PLISKOVA,106,,CZE,F,34 years-old,(21 March 1992),Right,-,-,https://images.prismic.io/fft-rg-site/14a0938d-0c4e-41dd-b448-c8f66d31e88a_20240305_PJ_PliskovaKarolina_US.png,/en-us/players/18274-ka.pliskova
43951,Titouan,DROGUET,T.DROGUET,107,,FRA,M,24 years-old,(15 June 2001),Right,-,-,https://images.prismic.io/fft-rg-site/aCwp2ydWJ-7kSU05_43951_G.png,/en-us/players/43951-t.droguet
42529,Moyuka,UCHIJIMA,M.UCHIJIMA,107,221,JPN,F,24 years-old,(11 August 2001),Right,-,-,https://images.prismic.io/fft-rg-site/aDFarCdWJ-7kSgxg_42529_G.png,/en-us/players/42529-m.uchijima
42327,Dalibor,SVRCINA,D.SVRCINA,108,,CZE,M,23 years-old,(2 October 2002),Right,-,-,https://images.prismic.io/fft-rg-site/aeoossBOoF08xQE2_20260116_PJ_SvrcinaDalibor_US.png,/en-us/players/42327-d.svrcina
42557,Katie,VOLYNETS,K.VOLYNETS,108,,USA,F,24 years-old,(31 December 2001),Right,-,-,https://images.prismic.io/fft-rg-site/aetagMBOoF08xRzJ_20260228_PJ_VolynetsKatie_US.png,/en-us/players/42557-k.volynets
44184,Lulu,SUN,L.SUN,109,371,NZL,F,25 years-old,(14 April 2001),Left,-,-,https://images.prismic.io/fft-rg-site/aetafsBOoF08xRzH_20260228_PJ_SunLulu_US.png,/en-us/players/44184-l.sun
45200,Coleman,WONG,C.WONG,109,,HKG,M,21 years-old,(6 June 2004),Right,-,-,https://images.prismic.io/fft-rg-site/aCoTvydWJ-7kSQwY_45200_G.png,/en-us/players/45200-c.wong
33524,Alex,MOLCAN,A.MOLCAN,110,,SVK,M,28 years-old,(1 December 1997),Left,-,-,https://images.prismic.io/fft-rg-site/agiPMaYofJOwHS2e_20260516_PJ_MolcanAlex_US.png,/en-us/players/33524-a.molcan
42666,Darja,SEMENISTAJA,D.SEMENISTAJA,110,153,LAT,F,23 years-old,(16 September 2002),Left,-,-,https://images.prismic.io/fft-rg-site/agh-e6YofJOwHS0E_20260515_PJ_SemenistajaDarja_US.png,/en-us/players/42666-d.semenistaja
20124,Nikoloz,BASILASHVILI,N.BASILASHVILI,111,,GEO,M,34 years-old,(23 February 1992),Right,-,-,https://images.prismic.io/fft-rg-site/952d7815-9c51-48a0-b08d-b693931e422d_20220307_PJ_BasilahviliNikoloz_US.png,/en-us/players/20124-n.basilashvili
40087,Kaja,JUVAN,K.JUVAN,111,,SLO,F,25 years-old,(25 November 2000),Right,-,-,https://images.prismic.io/fft-rg-site/aCsFCydWJ-7kSSSR_40087_G.png,/en-us/players/40087-k.juvan
32390,Sebastian,OFNER,S.OFNER,112,,AUT,M,30 years-old,(12 May 1996),Right,-,-,https://images.prismic.io/fft-rg-site/76388947-3147-4996-a247-ab136fbe4d5e_20240112_PJ_OfnerSebastian_US.png,/en-us/players/32390-s.ofner
47452,Dominika,SALKOVA,D.SALKOVA,113,120,CZE,F,21 years-old,(28 June 2004),Right,-,-,https://images.prismic.io/fft-rg-site/aCoYIidWJ-7kSQxk_47452_G.png,/en-us/players/47452-d.salkova
7815,Stan,WAWRINKA,S.WAWRINKA,113,,SUI,M,41 years-old,(28 March 1985),Right,-,-,https://images.prismic.io/fft-rg-site/aeooy8BOoF08xQFT_20260117_PJ_WawrinkaStan_US.png,/en-us/players/7815-s.wawrinka
40630,Maja,CHWALINSKA,M.CHWALINSKA,114,266,POL,F,24 years-old,(11 October 2001),Left,-,-,https://images.prismic.io/fft-rg-site/aghjxKYofJOwHSuB_20260515_PJ_ChwalinskaMaja_US.png,/en-us/players/40630-m.chwalinska
26967,Cristian,GARIN,C.GARIN,114,,CHI,M,29 years-old,(30 May 1996),Right,-,-,https://images.prismic.io/fft-rg-site/aeoo28BOoF08xQFm_20260118_PJ_GarinCristian_US.png,/en-us/players/26967-c.garin
47931,Jaime,FARIA,J.FARIA,115,411,POR,M,22 years-old,(6 August 2003),Right,-,-,https://images.prismic.io/fft-rg-site/ZksBuyol0Zci9Rk0_47931_J.FARIA.png,/en-us/players/47931-j.faria
33639,Dalma,GALFI,D.GALFI,115,,HUN,F,27 years-old,(13 August 1998),Right,-,-,https://images.prismic.io/fft-rg-site/81dd93f4-45fd-49e6-9c53-694de51c1d96_20230402_PJ_GalfiDalma_US.png,/en-us/players/33639-d.galfi
44016,Martin,DAMM,M.DAMM,116,347,USA,M,22 years-old,(30 September 2003),Left,-,-,https://images.prismic.io/fft-rg-site/agiPM6YofJOwHS2g_20260516_PJ_DammMartin_US.png,/en-us/players/44016-m.damm
38349,Yue,YUAN,Y.YUAN,116,139,CHN,F,27 years-old,(25 September 1998),Right,-,-,https://images.prismic.io/fft-rg-site/aghjvaYofJOwHSt5_20260514PJ_YuanYue_US.png,/en-us/players/38349-y.yuan
13354,Roberto,BAUTISTA AGUT,R.BAUTISTA AGUT,117,,ESP,M,38 years-old,(14 April 1988),Right,-,-,https://images.prismic.io/fft-rg-site/aeoo0sBOoF08xQFb_20260118_PJ_BautistaAgutRoberto_US.png,/en-us/players/13354-r.bautista-agut
49017,Alina,KORNEEVA,A.KORNEEVA,117,313,---,F,18 years-old,(23 June 2007),Right,-,-,https://images.prismic.io/fft-rg-site/44b2e00d-920d-4789-ae31-9a45161c2fff_Korneeva.png,/en-us/players/49017-a.korneeva
38551,Hugo,GASTON,H.GASTON,118,,FRA,M,25 years-old,(26 September 2000),Left,-,-,https://images.prismic.io/fft-rg-site/aeoo_8BOoF08xQGR_20260119_PJ_GastonHugo_US.png,/en-us/players/38551-h.gaston
44186,Maria,TIMOFEEVA,M.TIMOFEEVA,118,452,UZB,F,22 years-old,(18 November 2003),Right,-,-,https://images.prismic.io/fft-rg-site/aetajsBOoF08xRzX_20260302_PJ_TimofeevaMaria_US.png,/en-us/players/44186-m.timofeeva
47289,Henrique,ROCHA,H.ROCHA,119,332,POR,M,22 years-old,(6 April 2004),Right,-,-,https://images.prismic.io/fft-rg-site/agh-eKYofJOwHS0B_20260515_PJ_RochaHenrique_US.png,/en-us/players/47289-h.rocha
46834,Ashlyn,KRUEGER,A.KRUEGER,120,357,USA,F,22 years-old,(7 May 2004),Right,-,-,https://images.prismic.io/fft-rg-site/c4bae3b9-dd3e-43a2-ac4d-e36591b625fd_20240302_PJ_KrugerAshlyn_US.png,/en-us/players/46834-a.krueger
44018,Leandro,RIEDI,L.RIEDI,120,,SUI,M,24 years-old,(27 January 2002),Right,-,-,https://images.prismic.io/fft-rg-site/ZkpyEiol0Zci9RNQ_20240517_PJ_RiediLeandro_US.png,/en-us/players/44018-l.riedi
51270,Nicolai,BUDKOV KJAER,N.BUDKOV KJAER,121,,NOR,M,19 years-old,(1 September 2006),Right,-,-,https://images.prismic.io/fft-rg-site/aeoo18BOoF08xQFg_20260118_PJ_BudkovKjaerNicolai_US.png,/en-us/players/51270-n.budkov-kjaer
28697,Julia,GRABHER,J.GRABHER,121,386,AUT,F,29 years-old,(2 July 1996),Right,-,-,https://images.prismic.io/fft-rg-site/f36bf080-02f1-4949-be7d-71f490eb071b_20230402_PJ_GrabherJulia_US.png,/en-us/players/28697-j.grabher
24367,Leolia,JEANJEAN,L.JEANJEAN,122,198,FRA,F,30 years-old,(14 August 1995),Right,-,-,https://images.prismic.io/fft-rg-site/Zkrpjiol0Zci9Rc6_20240518_PJ_JeanjeanLeolia_US.png,/en-us/players/24367-l.jeanjean
44472,Pablo,LLAMAS RUIZ,P.LLAMAS RUIZ,122,209,ESP,M,23 years-old,(13 October 2002),Right,-,-,https://images.prismic.io/fft-rg-site/aghxAqYofJOwHSxG_20260515_PJ_LlamasRuizPablo_US.png,/en-us/players/44472-p.llamas-ruiz
44191,Polina,KUDERMETOVA,P.KUDERMETOVA,123,228,UZB,F,22 years-old,(4 June 2003),Right,-,-,https://images.prismic.io/fft-rg-site/aDQjuidWJ-7kSiRX_44191_G.png,/en-us/players/44191-p.kudermetova
42504,Tristan,SCHOOLKATE,T.SCHOOLKATE,123,228,AUS,M,25 years-old,(26 February 2001),Right,-,-,https://images.prismic.io/fft-rg-site/aeooyMBOoF08xQFP_20260117_PJ_SchoolkateTristan_US.png,/en-us/players/42504-t.schoolkate
32437,Andrea,PELLEGRINO,A.PELLEGRINO,124,,ITA,M,29 years-old,(23 March 1997),Right,-,-,https://images.prismic.io/fft-rg-site/agh-jqYofJOwHS0W_20260516_PJ_PellegrinoAndrea_US.png,/en-us/players/32437-a.pellegrino
26058,Aliaksandra,SASNOVICH,A.SASNOVICH,124,,---,F,32 years-old,(22 March 1994),Right,-,-,https://images.prismic.io/fft-rg-site/aCsF6idWJ-7kSSUY_26058_G.png,/en-us/players/26058-a.sasnovich
43003,Jacob,FEARNLEY,J.FEARNLEY,125,256,GBR,M,24 years-old,(15 July 2001),Right,-,-,https://images.prismic.io/fft-rg-site/aeoo_cBOoF08xQGP_20260119_PJ_FearnleyJacob_US.png,/en-us/players/43003-j.fearnley
31356,Rebecca,SRAMKOVA,R.SRAMKOVA,125,115,SVK,F,29 years-old,(19 October 1996),Right,-,-,https://images.prismic.io/fft-rg-site/aDFZvidWJ-7kSgxb_31356_G.png,/en-us/players/31356-r.sramkova
25127,Mackenzie,MCDONALD,M.MCDONALD,126,358,USA,M,31 years-old,(16 April 1995),Right,-,-,https://images.prismic.io/fft-rg-site/aeoo58BOoF08xQFz_20260118_PJ_McDonaldMackenzie_US.png,/en-us/players/25127-m.mcdonald
49363,Kaitlin,QUEVEDO,K.QUEVEDO,126,,ESP,F,20 years-old,(13 February 2006),Right,-,-,https://images.prismic.io/fft-rg-site/agh-dqYofJOwHSz__20260515_PJ_QuevedoKaitlin_US.png,/en-us/players/49363-k.quevedo
32341,Alexandre,MULLER,A.MULLER,127,440,FRA,M,29 years-old,(1 February 1997),Right,-,-,https://images.prismic.io/fft-rg-site/d54ec8fa-d362-40df-a9b4-aeff651dc3b9_20240406_PJ_MullerAlexandre_US.png,/en-us/players/32341-a.muller
46986,Taylah,PRESTON,T.PRESTON,127,330,AUS,F,20 years-old,(27 October 2005),Right,-,-,https://images.prismic.io/fft-rg-site/aCoWBydWJ-7kSQwu_46986_G.png,/en-us/players/46986-t.preston
40133,Suzan,LAMENS,S.LAMENS,128,,NED,F,26 years-old,(5 July 1999),Right,-,-,https://images.prismic.io/fft-rg-site/aDQaMydWJ-7kSiJE_40133_G.png,/en-us/players/40133-s.lamens
44902,Francesco,MAESTRELLI,F.MAESTRELLI,128,,ITA,M,23 years-old,(21 December 2002),Right,-,-,https://images.prismic.io/fft-rg-site/aeoo5sBOoF08xQFy_20260118_PJ_MaestrelliFrancesco_US.png,/en-us/players/44902-f.maestrelli
28369,Mayar,SHERIF,M.SHERIF,129,,EGY,F,30 years-old,(5 May 1996),Right,-,-,https://images.prismic.io/fft-rg-site/8411b977-757b-45ed-a27d-f0d14fb2fae5_20240305_PJ_SherifMayar_US.png,/en-us/players/28369-m.sherif
42516,Alina,CHARAEVA,A.CHARAEVA,130,,---,F,23 years-old,(27 May 2002),Right,-,-,https://images.prismic.io/fft-rg-site/244718d0-ad1e-4fbe-97e3-8d54568382cf_20190601_PJ_CharaevaAlina_US.png,/en-us/players/42516-a.charaeva
44009,Shintaro,MOCHIZUKI,S.MOCHIZUKI,130,,JPN,M,22 years-old,(2 June 2003),Right,-,-,https://images.prismic.io/fft-rg-site/aeoo6cBOoF08xQF1_20260118_PJ_MochizukiShintaro_US.png,/en-us/players/44009-s.mochizuki
44196,Himeno,SAKATSUME,H.SAKATSUME,131,,JPN,F,24 years-old,(3 August 2001),Right,-,-,https://images.prismic.io/fft-rg-site/agnwWKYofJOwHTXK_20260517_PJ_SakatsumeHimeno_US.png,/en-us/players/44196-h.sakatsume
43948,Dane,SWEENY,D.SWEENY,131,261,AUS,M,25 years-old,(12 February 2001),Right,-,-,https://images.prismic.io/fft-rg-site/ZkpCCCol0Zci9RHO_20240516_PJ_SweenyDane_US.png,/en-us/players/43948-d.sweeny
35919,Rebeka,MASAROVA,R.MASAROVA,132,,SUI,F,26 years-old,(6 August 1999),Right,-,-,https://images.prismic.io/fft-rg-site/aetaksBOoF08xRzb_20260303_PJ_MasarovaRebeka_US.png,/en-us/players/35919-r.masarova
45454,Jack,PINNINGTON JONES,J.PINNINGTON JONES,132,,GBR,M,23 years-old,(30 March 2003),Right,-,-,https://images.prismic.io/fft-rg-site/0d28cf67-1e7e-4777-a069-935c3a523b1b_20210604_PJ_PinningtonJonesJack_US.png,/en-us/players/45454-j.pinnington-jones
46190,Vilius,GAUBAS,V.GAUBAS,133,,LTU,M,21 years-old,(29 December 2004),Right,-,-,https://images.prismic.io/fft-rg-site/aghs7KYofJOwHSvF_20260515_PJ_GaubasVilius_US.png,/en-us/players/46190-v.gaubas
41774,Otto,VIRTANEN,O.VIRTANEN,134,,FIN,M,24 years-old,(21 June 2001),Right,-,-,https://images.prismic.io/fft-rg-site/agiPLqYofJOwHS2b_20260516_PJ_VirtanenOtto_US.png,/en-us/players/41774-o.virtanen
33787,Tamara,ZIDANSEK,T.ZIDANSEK,134,,SLO,F,28 years-old,(26 December 1997),Right,-,-,https://images.prismic.io/fft-rg-site/agh-gKYofJOwHS0J_20260515_PJ_ZidansekTamara_US.png,/en-us/players/33787-t.zidansek
47950,Arthur,GEA,A.GEA,135,,FRA,M,21 years-old,(2 January 2005),Right,-,-,https://images.prismic.io/fft-rg-site/aCshvSdWJ-7kSS7v_47950_G.png,/en-us/players/47950-a.gea
45666,Elvina,KALIEVA,E.KALIEVA,135,318,USA,F,22 years-old,(27 July 2003),Right,-,-,https://images.prismic.io/fft-rg-site/aghjs6YofJOwHStv_20260514_PJ_KalievaElvina_US.png,/en-us/players/45666-e.kalieva
33931,Tomas,BARRIOS VERA,T.BARRIOS VERA,136,,CHI,M,28 years-old,(10 December 1997),Right,-,-,https://images.prismic.io/fft-rg-site/aghjv6YofJOwHSt8_20260515_PJ_BarriosVeraTomas_US.png,/en-us/players/33931-t.barrios-vera
50683,Emerson,JONES,E.JONES,136,,AUS,F,17 years-old,(7 July 2008),Right,-,-,https://images.prismic.io/fft-rg-site/d8c342ec-020a-4f62-a287-119fc8e45966_Jones.png,/en-us/players/50683-e.jones
19749,Dusan,LAJOVIC,D.LAJOVIC,137,,SRB,M,35 years-old,(30 June 1990),Right,-,-,https://images.prismic.io/fft-rg-site/e1ea8410-c94c-469b-a507-e5218dd7af35_20240108_PJ_LajovicDusan_US.png,/en-us/players/19749-d.lajovic
43819,Lisa,PIGATO,L.PIGATO,138,,ITA,F,22 years-old,(21 June 2003),Right,-,-,https://images.prismic.io/fft-rg-site/agiPL6YofJOwHS2c_20260516_PJ_PigatoLisa_US.png,/en-us/players/43819-l.pigato
21066,Stefano,TRAVAGLIA,S.TRAVAGLIA,138,378,ITA,M,34 years-old,(28 December 1991),Right,-,-,https://images.prismic.io/fft-rg-site/aeoo88BOoF08xQGB_20260118_PJ_TravagliaStefano_US.png,/en-us/players/21066-s.travaglia
24590,Moez,ECHARGUI,M.ECHARGUI,139,,TUN,M,33 years-old,(10 January 1993),Right,-,-,https://images.prismic.io/fft-rg-site/agh-hKYofJOwHS0N_20260516_PJ_EcharguiMoez_US.png,/en-us/players/24590-m.echargui
23784,Katarzyna,KAWA,K.KAWA,139,,POL,F,33 years-old,(17 November 1992),Right,-,-,https://images.prismic.io/fft-rg-site/agiPMKYofJOwHS2d_20260516_PJ_KawaKatarzyna_US.png,/en-us/players/23784-k.kawa
30660,Andrea,LAZARO GARCIA,A.LAZARO GARCIA,140,,ESP,F,31 years-old,(4 November 1994),Right,-,-,https://images.prismic.io/fft-rg-site/aghxAaYofJOwHSxD_20260515_PJ_LazaroGarciaAndrea_US.png,/en-us/players/30660-a.lazaro-garcia
32244,Pedro,MARTINEZ,P.MARTINEZ,140,366,ESP,M,29 years-old,(26 April 1997),Right,-,-,https://images.prismic.io/fft-rg-site/aeooq8BOoF08xQEu_20260116_PJ_MartinezPedro_US.png,/en-us/players/32244-p.martinez
33658,Maddison,INGLIS,M.INGLIS,141,388,AUS,F,28 years-old,(14 January 1998),Right,-,-,https://images.prismic.io/fft-rg-site/aCwk1SdWJ-7kSUue_33658_G.png,/en-us/players/33658-m.inglis
33560,Roman,SAFIULLIN,R.SAFIULLIN,141,,---,M,28 years-old,(7 August 1997),Right,-,-,https://images.prismic.io/fft-rg-site/aDLFNCdWJ-7kShOZ_33560_G.png,/en-us/players/33560-r.safiullin
49141,Veronika,PODREZ,V.PODREZ,142,460,UKR,F,19 years-old,(11 January 2007),Right,-,-,https://images.prismic.io/fft-rg-site/agnugqYofJOwHTWp_20260517_PJ_PodrezVeronika_US.png,/en-us/players/49141-v.podrez
33462,Lloyd,HARRIS,L.HARRIS,143,,RSA,M,29 years-old,(24 February 1997),Right,-,-,https://images.prismic.io/fft-rg-site/aghuW6YofJOwHSvu_20260515_PJ_HarrisLloyd_US.png,/en-us/players/33462-l.harris
33066,Priscilla,HON,P.HON,143,146,AUS,F,28 years-old,(10 May 1998),Right,-,-,https://images.prismic.io/fft-rg-site/aDQYZSdWJ-7kSiHe_33066_G.png,/en-us/players/33066-p.hon
45789,Sofia,COSTOULAS,S.COSTOULAS,144,322,BEL,F,21 years-old,(2 April 2005),Right,-,-,https://images.prismic.io/fft-rg-site/aCoU6idWJ-7kSQwk_45789_G.png,/en-us/players/45789-s.costoulas
24660,Hugo,DELLIEN,H.DELLIEN,144,,BOL,M,32 years-old,(16 June 1993),Right,-,-,https://images.prismic.io/fft-rg-site/aDQSmCdWJ-7kSiC__24660_G.png,/en-us/players/24660-h.dellien
35699,Kayla,DAY,K.DAY,145,,USA,F,26 years-old,(28 September 1999),Left,-,-,https://images.prismic.io/fft-rg-site/bfe53e86-7323-4bf0-8361-9daa8fbba3e0_20240305_PJ_DayKayla_US.png,/en-us/players/35699-k.day
50999,Mary,STOIANA,M.STOIANA,146,393,USA,F,23 years-old,(6 May 2003),Right,-,-,https://images.prismic.io/fft-rg-site/agw0kqYofJOwHW8X_20260518_PJ_StoianaMary_US.PNG,/en-us/players/50999-m.stoiana
48801,Michael,ZHENG,M.ZHENG,146,,USA,M,22 years-old,(27 January 2004),Right,-,-,https://images.prismic.io/fft-rg-site/agnv2aYofJOwHTXE_20260517_PJ_ZhengMichael_US.png,/en-us/players/48801-m.zheng
44469,Kyrian,JACQUET,K.JACQUET,147,,FRA,M,25 years-old,(11 May 2001),Right,-,-,https://images.prismic.io/fft-rg-site/aghjsqYofJOwHStu_20260514_PJ_JacquetKyrian_US.png,/en-us/players/44469-k.jacquet
47407,Lola,RADIVOJEVIC,L.RADIVOJEVIC,147,,SRB,F,21 years-old,(2 January 2005),Right,-,-,https://images.prismic.io/fft-rg-site/aCoXuCdWJ-7kSQxQ_47407_G.png,/en-us/players/47407-l.radivojevic
47331,Nishesh,BASAVAREDDY,N.BASAVAREDDY,148,,USA,M,21 years-old,(2 May 2005),Right,-,-,https://images.prismic.io/fft-rg-site/aeoo0cBOoF08xQFa_20260118_PJ_BasavareddyNishesh_US.png,/en-us/players/47331-n.basavareddy
38639,Xiyu,WANG,X.WANG,148,,CHN,F,25 years-old,(28 March 2001),Left,-,-,https://images.prismic.io/fft-rg-site/aCoFJidWJ-7kSQuI_38639_G.png,/en-us/players/38639-x.wang
45668,Linda,FRUHVIRTOVA,L.FRUHVIRTOVA,149,,CZE,F,21 years-old,(1 May 2005),Right,-,-,https://images.prismic.io/fft-rg-site/046a70f8-0e37-4f9f-88c4-c26fcd0699e3_20240305_PJ_FurhvirtovaLinda_US.png,/en-us/players/45668-l.fruhvirtova
40759,Joanna,GARLAND,J.GARLAND,150,,TPE,F,24 years-old,(16 July 2001),Right,-,-,https://images.prismic.io/fft-rg-site/agh-haYofJOwHS0O_20260516_PJ_GarlandJoanna_US.png,/en-us/players/40759-j.garland
31039,Billy,HARRIS,B.HARRIS,150,492,GBR,M,31 years-old,(25 January 1995),Right,-,-,https://images.prismic.io/fft-rg-site/aCn47CdWJ-7kSQri_31039_G.png,/en-us/players/31039-b.harris
42339,Facundo,DIAZ ACOSTA,F.DIAZ ACOSTA,151,,ARG,M,25 years-old,(15 December 2000),Left,-,-,https://images.prismic.io/fft-rg-site/3fb9a549-ec47-4d4f-8057-eda892818200_20240113_PJ_DiazAcostaFacundo_US.png,/en-us/players/42339-f.diaz-acosta
24506,Alex,BOLT,A.BOLT,152,,AUS,M,33 years-old,(5 January 1993),Left,-,-,https://images.prismic.io/fft-rg-site/9071cebf-114c-4db2-825d-c31ba9d86535_bolt.a_19579_LR+CUT.png,/en-us/players/24506-a.bolt
36596,Lucrezia,STEFANINI,L.STEFANINI,152,,ITA,F,28 years-old,(15 May 1998),Right,-,-,https://images.prismic.io/fft-rg-site/agh-faYofJOwHS0G_20260515_PJ_StefaniniLucrezia_US.png,/en-us/players/36596-l.stefanini
49153,Tiantsoa,RAKOTOMANGA RAJAONAH,T.RAKOTOMANGA RAJAONAH,153,162,FRA,F,20 years-old,(15 December 2005),Left,-,-,https://images.prismic.io/fft-rg-site/aDQh-idWJ-7kSiQT_49153_G.png,/en-us/players/49153-t.rakotomanga-rajaonah
49335,Rei,SAKAMOTO,R.SAKAMOTO,153,,JPN,M,19 years-old,(24 June 2006),Right,-,-,https://images.prismic.io/fft-rg-site/aeoooMBOoF08xQEh_20260115_PJ_SakamotoRei_US.png,/en-us/players/49335-r.sakamoto
45447,Arthur,FERY,A.FERY,154,,GBR,M,23 years-old,(12 July 2002),Right,-,-,https://images.prismic.io/fft-rg-site/aeoo2sBOoF08xQFk_20260118_PJ_FeryArthur_US.png,/en-us/players/45447-a.fery
17152,Arantxa,RUS,A.RUS,154,144,NED,F,35 years-old,(13 December 1990),Left,-,-,https://images.prismic.io/fft-rg-site/bf8841bf-b4ac-493b-b6ae-c1f6fcfdaf4a_20240305_PJ_RusArantxa_US.png,/en-us/players/17152-a.rus
29820,Christopher,O'CONNELL,C.O'CONNELL,155,,AUS,M,31 years-old,(3 June 1994),Right,-,-,https://images.prismic.io/fft-rg-site/agh6v6YofJOwHSyw_20260515_PJ_OConnellChristopher_US.png,/en-us/players/29820-c.o'connell
52603,Laura,SAMSON,L.SAMSON,155,202,CZE,F,18 years-old,(10 March 2008),Right,-,-,https://images.prismic.io/fft-rg-site/agnu9aYofJOwHTWy_20260517_PJ_SamsonLaura_US.png,/en-us/players/52603-l.samson
38418,August,HOLMGREN,A.HOLMGREN,156,,DEN,M,28 years-old,(22 April 1998),Right,-,-,https://images.prismic.io/fft-rg-site/agh-hqYofJOwHS0P_20260516_PJ_HolmgrenAugust_US.png,/en-us/players/38418-a.holmgren
45916,Linda,KLIMOVICOVA,L.KLIMOVICOVA,156,,POL,F,21 years-old,(18 June 2004),Right,-,-,https://images.prismic.io/fft-rg-site/aCoVQidWJ-7kSQwo_45916_G.png,/en-us/players/45916-l.klimovicova
46815,Anouk,KOEVERMANS,A.KOEVERMANS,157,,NED,F,22 years-old,(2 January 2004),Right,-,-,https://images.prismic.io/fft-rg-site/aCoV7SdWJ-7kSQwt_46815_G.png,/en-us/players/46815-a.koevermans
47186,Mark,LAJAL,M.LAJAL,157,,EST,M,23 years-old,(12 May 2003),Right,-,-,https://images.prismic.io/fft-rg-site/aghxAKYofJOwHSxC_20260515_PJ_LajalMark_US.png,/en-us/players/47186-m.lajal
36384,Jurij,RODIONOV,J.RODIONOV,158,420,AUT,M,27 years-old,(16 May 1999),Left,-,-,https://images.prismic.io/fft-rg-site/agh-eqYofJOwHS0C_20260515_PJ_RodionovJurij_US.png,/en-us/players/36384-j.rodionov
44259,Leyre,ROMERO GORMAZ,L.ROMERO GORMAZ,158,368,ESP,F,24 years-old,(6 April 2002),Left,-,-,https://images.prismic.io/fft-rg-site/aCoStidWJ-7kSQwP_44259_G.png,/en-us/players/44259-l.romero-gormaz
38570,Bianca,ANDREESCU,B.ANDREESCU,159,223,CAN,F,25 years-old,(16 June 2000),Right,-,-,https://images.prismic.io/fft-rg-site/e9ec33af-150e-4574-b0a4-32fbc31642db_20200120_PJ_AndreescuBianca_US.png,/en-us/players/38570-b.andreescu
45427,Toby,SAMUEL,T.SAMUEL,159,,GBR,M,23 years-old,(6 September 2002),Right,-,-,https://images.prismic.io/fft-rg-site/aghjtqYofJOwHSty_20260514_PJ_SamuelToby_US.png,/en-us/players/45427-t.samuel
38928,Ugo,BLANCHET,U.BLANCHET,160,,FRA,M,27 years-old,(5 January 1999),Right,-,-,https://images.prismic.io/fft-rg-site/e9437ec1-df6d-40d8-895a-a89941a511f6_20240110_PJ_BlanchetUgo_US.png,/en-us/players/38928-u.blanchet
26111,Viktoriya,TOMOVA,V.TOMOVA,160,251,BUL,F,31 years-old,(25 February 1995),Right,-,-,https://images.prismic.io/fft-rg-site/c5c2494d-7ad0-45f9-a273-87d35e367e50_20240305_PJ_TomovaViktoriya_US.png,/en-us/players/26111-v.tomova
47393,Polina,IATCENKO,P.IATCENKO,161,217,---,F,22 years-old,(10 December 2003),Right,-,-,https://images.prismic.io/fft-rg-site/afs4H8BOoF08xrAY_20210605_PJ_IatcenkoPolina_US.PNG,/en-us/players/47393-p.iatcenko
34635,Zdenek,KOLAR,Z.KOLAR,162,239,CZE,M,29 years-old,(9 October 1996),Right,-,-,https://images.prismic.io/fft-rg-site/agh-f6YofJOwHS0I_20260515_PJ_ZdenekKolar_US.png,/en-us/players/34635-z.kolar
45766,Noma,NOHA AKUGUE,N.NOHA AKUGUE,162,238,GER,F,22 years-old,(2 December 2003),Left,-,-,https://images.prismic.io/fft-rg-site/ags7cqYofJOwHVxV_20260518_PJ_NohaAkugueNoma_US.png,/en-us/players/45766-n.noha-akugue
40776,Nuria,BRANCACCIO,N.BRANCACCIO,163,,ITA,F,25 years-old,(24 June 2000),Right,-,-,https://images.prismic.io/fft-rg-site/aghjwqYofJOwHSt__20260515_PJ_BrancaccioNuria_US.png,/en-us/players/40776-n.brancaccio
43968,Liam,DRAXL,L.DRAXL,164,265,CAN,M,24 years-old,(5 December 2001),Right,-,-,https://images.prismic.io/fft-rg-site/aCoR6ydWJ-7kSQwD_43968_G.png,/en-us/players/43968-l.draxl
31313,Greet,MINNEN,G.MINNEN,164,,BEL,F,28 years-old,(14 August 1997),Right,-,-,https://images.prismic.io/fft-rg-site/ZkpcUyol0Zci9RJT_20240516_PJ_MinnenGreet_US.png,/en-us/players/31313-g.minnen
40702,Elizabeth,MANDLIK,E.MANDLIK,165,,USA,F,25 years-old,(19 May 2001),Right,-,-,https://images.prismic.io/fft-rg-site/aetaecBOoF08xRzC_20260228_PJ_MandlikElizabeth_US.png,/en-us/players/40702-e.mandlik
44023,Chris,RODESCH,C.RODESCH,165,,LUX,M,24 years-old,(18 July 2001),Right,-,-,https://images.prismic.io/fft-rg-site/aCnNgSdWJ-7kSQkj_44023_G.png,/en-us/players/44023-c.rodesch
42302,Yunchaokete,BU,Y.BU,166,360,CHN,M,24 years-old,(19 January 2002),Right,-,-,https://images.prismic.io/fft-rg-site/aeooocBOoF08xQEi_20260115_PJ_YunchaoketeBu_US.png,/en-us/players/42302-y.bu
36499,Hanyu,GUO,H.GUO,166,24,CHN,F,28 years-old,(18 May 1998),Right,-,-,https://images.prismic.io/fft-rg-site/Zlsi-KWtHYXtT_dK_36499_GUOHanyu.png,/en-us/players/36499-h.guo
21914,Despina,PAPAMICHAIL,D.PAPAMICHAIL,167,347,GRE,F,33 years-old,(9 February 1993),Right,-,-,https://images.prismic.io/fft-rg-site/agh7CqYofJOwHSy0_20260515_PJ_PapamichailDespina_US.png,/en-us/players/21914-d.papamichail
19689,Grigor,DIMITROV,G.DIMITROV,168,,BUL,M,35 years-old,(16 May 1991),Right,-,-,https://images.prismic.io/fft-rg-site/1db6a83d-552e-4f57-bf04-45d82a6978f6_20240112_PJ_DimitrovGrigor_US.png,/en-us/players/19689-g.dimitrov
43804,Jazmin,ORTENZI,J.ORTENZI,168,350,ARG,F,24 years-old,(20 November 2001),Right,-,-,https://images.prismic.io/fft-rg-site/agnvZqYofJOwHTW7_20260517_PJ_OrtenziJazmin_US.png,/en-us/players/43804-j.ortenzi
6930,Varvara,LEPCHENKO,V.LEPCHENKO,169,345,USA,F,40 years-old,(21 May 1986),Left,-,-,https://images.prismic.io/fft-rg-site/aCwXiSdWJ-7kSUlQ_6930_G.png,/en-us/players/6930-v.lepchenko
40829,Nicolas,MEJIA,N.MEJIA,169,405,COL,M,26 years-old,(11 February 2000),Right,-,-,https://images.prismic.io/fft-rg-site/aghxBKYofJOwHSxI_20260515_PJ_MejiaNicolas_US.png,/en-us/players/40829-n.mejia
50200,Joel,SCHWAERZLER,J.SCHWAERZLER,170,210,AUT,M,20 years-old,(27 January 2006),Left,-,-,https://images.prismic.io/fft-rg-site/agh-e6YofJOwHS0D_20260515_PJ_SchwaerzlerJoel_US.png,/en-us/players/50200-j.schwaerzler
31367,Jil,TEICHMANN,J.TEICHMANN,170,,SUI,F,28 years-old,(15 July 1997),Left,-,-,https://images.prismic.io/fft-rg-site/4a2af383-77ce-4d3f-a757-518dfd78a8ba_Teichmann.png,/en-us/players/31367-j.teichmann
28684,Harriet,DART,H.DART,171,109,GBR,F,29 years-old,(28 July 1996),Right,-,-,https://images.prismic.io/fft-rg-site/222a832a-c50a-40b8-8e97-cefd3e527436_20240305_PJ_DartHarriet_US.png,/en-us/players/28684-h.dart
40451,Clement,TABUR,C.TABUR,171,,FRA,M,26 years-old,(24 January 2000),Right,-,-,https://images.prismic.io/fft-rg-site/ZkrwSSol0Zci9Rem_40451_G.png,/en-us/players/40451-c.tabur
37977,Lucia,BRONZETTI,L.BRONZETTI,172,303,ITA,F,27 years-old,(10 December 1998),Right,-,-,https://images.prismic.io/fft-rg-site/cd1d2345-99b2-4e6d-9402-f45d2bd78786_20240305_PJ_BronzettiLucia_US.png,/en-us/players/37977-l.bronzetti
38517,Zsombor,PIROS,Z.PIROS,173,,HUN,M,26 years-old,(13 October 1999),Right,-,-,https://images.prismic.io/fft-rg-site/ZkpG6yol0Zci9RHo_20240516_PJ_PirosZsombor_US.png,/en-us/players/38517-z.piros
31389,Xiaodi,YOU,X.YOU,174,200,CHN,F,30 years-old,(12 May 1996),Right,-,-,https://images.prismic.io/fft-rg-site/2401d4fe-ae1c-49dd-b953-f9b84ab7ef41_20200114_PJ_YouXiaodi_US.png,/en-us/players/31389-x.you
39917,Marina,BASSOLS RIBERA,M.BASSOLS RIBERA,175,,ESP,F,26 years-old,(13 December 1999),Right,-,-,https://images.prismic.io/fft-rg-site/agmLU6YofJOwHTGa_20260517_PJ_BassolsRiberaMarina_US.png,/en-us/players/39917-m.bassols-ribera
41151,Daniil,GLINKA,D.GLINKA,175,,EST,M,26 years-old,(12 May 2000),Left,-,-,https://images.prismic.io/fft-rg-site/agnttaYofJOwHTWd_20260517_PJ_GlinkaDaniil_US.PNG,/en-us/players/41151-d.glinka
47929,Juan Carlos,PRADO ANGELO,JC.PRADO ANGELO,176,,BOL,M,21 years-old,(6 March 2005),Right,-,-,https://images.prismic.io/fft-rg-site/b597a015-b4d7-4eef-874b-bb71c609a026_20220528_PJ_PradoAngeloJuanCarlos_US.png,/en-us/players/47929-jc.prado-angelo
41006,Clement,CHIDEKH,C.CHIDEKH,177,213,FRA,M,24 years-old,(13 June 2001),Right,-,-,https://images.prismic.io/fft-rg-site/agiPMqYofJOwHS2f_20260516_PJ_ChidekhClement_US.png,/en-us/players/41006-c.chidekh
47394,Tatiana,PROZOROVA,T.PROZOROVA,177,,---,F,22 years-old,(10 October 2003),Right,-,-,https://images.prismic.io/fft-rg-site/agh8JqYofJOwHSza_20260515_PJ_ProzorovaTatiana_US.png,/en-us/players/47394-t.prozorova
24584,Marco,CECCHINATO,M.CECCHINATO,178,,ITA,M,33 years-old,(30 September 1992),Right,-,-,https://images.prismic.io/fft-rg-site/aghjw6YofJOwHSuA_20260515_PJ_CecchinatoMarco_US.png,/en-us/players/24584-m.cecchinato
52699,Jeline,VANDROMME,J.VANDROMME,178,,BEL,F,18 years-old,(16 November 2007),-,-,-,https://images.prismic.io/fft-rg-site/agSUl6YofJOwHNWK_20240603_PJ_VandrommeJeline_US.png,/en-us/players/52699-j.vandromme
37072,Federico Agustin,GOMEZ,FA.GOMEZ,179,188,ARG,M,29 years-old,(26 November 1996),Right,-,-,https://images.prismic.io/fft-rg-site/aCn_CydWJ-7kSQsk_37072_G.png,/en-us/players/37072-fa.gomez
45720,Julia,RIERA,J.RIERA,179,316,ARG,F,23 years-old,(29 May 2002),Right,-,-,https://images.prismic.io/fft-rg-site/aCoUkidWJ-7kSQwh_45720_G.png,/en-us/players/45720-j.riera
30798,Jessika,PONCHET,J.PONCHET,180,181,FRA,F,29 years-old,(26 September 1996),Right,-,-,https://images.prismic.io/fft-rg-site/agh7nKYofJOwHSy6_20260515_PJ_PonchetJessika_US.png,/en-us/players/30798-j.ponchet
30524,Fiona,FERRO,F.FERRO,181,,FRA,F,29 years-old,(12 March 1997),Right,-,-,https://images.prismic.io/fft-rg-site/aCn36idWJ-7kSQrX_30524_G.png,/en-us/players/30524-f.ferro
40467,Chun-Hsin,TSENG,CH.TSENG,181,,TPE,M,24 years-old,(8 August 2001),Right,-,-,https://images.prismic.io/fft-rg-site/aghjuaYofJOwHSt1_20260514_PJ_TsengChunHsin_US.png,/en-us/players/40467-ch.tseng
38127,Claire,LIU,C.LIU,182,,USA,F,26 years-old,(25 May 2000),Right,-,-,https://images.prismic.io/fft-rg-site/22ac1c3a-2593-4864-91d7-839de7a87091_Liu.png,/en-us/players/38127-c.liu
44612,Gonzalo,BUENO,G.BUENO,183,,PER,M,22 years-old,(3 April 2004),Right,-,-,https://images.prismic.io/fft-rg-site/8e22d6e3-4e62-4dc0-aaa6-2c9a08558506_20210604_PJ_BuenoGonzalo_US.png,/en-us/players/44612-g.bueno
38708,Ye-Xin,MA,YX.MA,183,,CHN,F,26 years-old,(10 June 1999),Right,-,-,https://images.prismic.io/fft-rg-site/Zkr0gCol0Zci9RgP_Ye-XinMa.png,/en-us/players/38708-yx.ma
34411,Borna,GOJO,B.GOJO,184,,CRO,M,28 years-old,(27 February 1998),Right,-,-,https://images.prismic.io/fft-rg-site/c3c7df9f-63fa-4011-9fed-a2cfc5111479_20240111_PJ_GojoBorna_US.png,/en-us/players/34411-b.gojo
47220,Colton,SMITH,C.SMITH,185,,USA,M,23 years-old,(5 March 2003),Right,-,-,https://images.prismic.io/fft-rg-site/agrRcKYofJOwHULP_20260518_PJ_SmithColton_US.png,/en-us/players/47220-c.smith
51052,Akasha,URHOBO,A.URHOBO,185,,USA,F,19 years-old,(19 January 2007),Right,-,-,,/en-us/players/51052-a.urhobo
44807,Gustavo,HEIDE,G.HEIDE,186,247,BRA,M,24 years-old,(28 February 2002),Right,-,-,https://images.prismic.io/fft-rg-site/aghjr6YofJOwHStr_20260514_PJ_HeideGustavo_US.png,/en-us/players/44807-g.heide
28702,Nao,HIBINO,N.HIBINO,186,,JPN,F,31 years-old,(28 November 1994),Right,-,-,https://images.prismic.io/fft-rg-site/aghjsKYofJOwHSts_20260514_PJ_HibinoNao_US.png,/en-us/players/28702-n.hibino
51314,Teodora,KOSTOVIC,T.KOSTOVIC,187,,SRB,F,18 years-old,(28 June 2007),Right,-,-,https://images.prismic.io/fft-rg-site/agxjQKYofJOwHXiB_20260517_PJ_KostovicTeodora_US.PNG,/en-us/players/51314-t.kostovic
44059,Lukas,NEUMAYER,L.NEUMAYER,187,,AUT,M,23 years-old,(6 September 2002),Right,-,-,https://images.prismic.io/fft-rg-site/agh-jaYofJOwHS0V_20260516_PJ_NeumayerLukas_US.png,/en-us/players/44059-l.neumayer
17343,Mona,BARTHEL,M.BARTHEL,188,,GER,F,35 years-old,(11 July 1990),Right,-,-,https://images.prismic.io/fft-rg-site/aghjwKYofJOwHSt9_20260515_PJ_BarthelMona_US.png,/en-us/players/17343-m.barthel
33271,Iryna,SHYMANOVICH,I.SHYMANOVICH,189,70,---,F,28 years-old,(30 June 1997),Right,-,-,https://images.prismic.io/fft-rg-site/Zkpttiol0Zci9RMj_20240518_PJ_ShymanovichIryna_US.png,/en-us/players/33271-i.shymanovich
42296,Timofey,SKATOV,T.SKATOV,189,,KAZ,M,25 years-old,(21 January 2001),Right,-,-,https://images.prismic.io/fft-rg-site/agh-fKYofJOwHS0F_20260515_PJ_SkatovTimofey_US.png,/en-us/players/42296-t.skatov
44577,Alex,BARRENA,A.BARRENA,190,,ARG,M,23 years-old,(10 October 2002),Right,-,-,https://images.prismic.io/fft-rg-site/aghjqaYofJOwHStl_20260514_PJ_BarrenaAlex_US.png,/en-us/players/44577-a.barrena
48964,Luisina,GIOVANNINI,L.GIOVANNINI,190,,ARG,F,19 years-old,(8 November 2006),-,-,-,https://images.prismic.io/fft-rg-site/agxi3aYofJOwHXhf_20260519_PJ_GiovanniniLuisina_US.png,/en-us/players/48964-l.giovannini
40173,Guiomar,MARISTANY ZULETA DE REALES,G.MARISTANY ZULETA DE REALES,191,,ESP,F,27 years-old,(19 February 1999),Right,-,-,https://images.prismic.io/fft-rg-site/aghxA6YofJOwHSxH_20260515_PJ_MaristanyZuletaDeRealesGuiomar_US.png,/en-us/players/40173-g.maristany-zuleta-de-reales
31184,Elias,YMER,E.YMER,191,,SWE,M,30 years-old,(10 April 1996),Right,-,-,https://images.prismic.io/fft-rg-site/c2bbfe13-4a57-44bd-9779-1b1e794abb7b_20220309_PJ_YmerElias_US.png,/en-us/players/31184-e.ymer
44144,Jerome,KYM,J.KYM,192,,SUI,M,23 years-old,(12 February 2003),Right,-,-,https://images.prismic.io/fft-rg-site/agh-i6YofJOwHS0T_20260516_PJ_KymJerome_US.png,/en-us/players/44144-j.kym
37028,Alexis,GALARNEAU,A.GALARNEAU,193,,CAN,M,27 years-old,(2 March 1999),Right,-,-,https://images.prismic.io/fft-rg-site/aCn-ySdWJ-7kSQsj_37028_G.png,/en-us/players/37028-a.galarneau
28346,Storm,HUNTER,S.HUNTER,193,20,AUS,F,31 years-old,(11 August 1994),Left,-,-,https://images.prismic.io/fft-rg-site/aDQYiCdWJ-7kSiHw_28346_G.png,/en-us/players/28346-s.hunter
51095,Carol Young Suh,LEE,CYS.LEE,194,253,USA,F,24 years-old,(21 December 2001),Right,-,-,https://images.prismic.io/fft-rg-site/agmMjqYofJOwHTGi_20260517_PJ_LeeCarolYoungSuh_US.PNG,/en-us/players/51095-cys.lee
17690,Bernard,TOMIC,B.TOMIC,194,493,AUS,M,33 years-old,(21 October 1992),Right,-,-,https://images.prismic.io/fft-rg-site/aCnjmydWJ-7kSQne_17690_G.png,/en-us/players/17690-b.tomic
47312,Luka,MIKRUT,L.MIKRUT,195,287,CRO,M,22 years-old,(16 April 2004),Right,-,-,https://images.prismic.io/fft-rg-site/55f3c467-7906-440c-a3b3-45a2b07d5b99_20220528_PJ_MikrutLuka_US.png,/en-us/players/47312-l.mikrut
40667,Whitney,OSUIGWE,W.OSUIGWE,195,,USA,F,24 years-old,(17 April 2002),Right,-,-,https://images.prismic.io/fft-rg-site/aCni8idWJ-7kSQnc_40667_G.png,/en-us/players/40667-w.osuigwe
49550,Gianluca,CADENASSO,G.CADENASSO,196,184,ITA,M,21 years-old,(29 September 2004),Right,-,-,https://images.prismic.io/fft-rg-site/agm5XaYofJOwHTI0_20260517_PJ_CadenassoGianluca_US.png,/en-us/players/49550-g.cadenasso
43781,Carole,MONNET,C.MONNET,196,193,FRA,F,24 years-old,(1 December 2001),Right,-,-,https://images.prismic.io/fft-rg-site/agiPLaYofJOwHS2a_20260516_PJ_MonnetCarole_US.png,/en-us/players/43781-c.monnet
35753,Anastasia,GASANOVA,A.GASANOVA,197,,---,F,27 years-old,(15 May 1999),Right,-,-,https://images.prismic.io/fft-rg-site/aghjxqYofJOwHSuD_20260515_PJ_GasanovaAnastasia_US.png,/en-us/players/35753-a.gasanova
45070,Stefanos,SAKELLARIDIS,S.SAKELLARIDIS,197,,GRE,M,21 years-old,(13 September 2004),Right,-,-,https://images.prismic.io/fft-rg-site/agnPXqYofJOwHTR5_20260517_PJ_SakellaridisStefanos_US.png,/en-us/players/45070-s.sakellaridis
28696,Lina,GJORCHESKA,L.GJORCHESKA,198,,MKD,F,31 years-old,(3 August 1994),Right,-,-,https://images.prismic.io/fft-rg-site/ZkppLSol0Zci9RLa_20240517_PJ_GjorcheskaLina_US.png,/en-us/players/28696-l.gjorcheska
39628,Joao Lucas,REIS DA SILVA,JL.REIS DA SILVA,198,336,BRA,M,26 years-old,(26 March 2000),Right,-,-,https://images.prismic.io/fft-rg-site/agh-d6YofJOwHS0A_20260515_PJ_ReisDaSilvaJoaoLucas_US.png,/en-us/players/39628-jl.reis-da-silva
47414,Kayla,CROSS,K.CROSS,199,140,CAN,F,21 years-old,(21 March 2005),Left,-,-,https://images.prismic.io/fft-rg-site/agm54KYofJOwHTI2_20260517_PJ_CrossKayla_US.png,/en-us/players/47414-k.cross
34330,Juan Pablo,FICOVICH,JP.FICOVICH,200,,ARG,M,29 years-old,(24 January 1997),Right,-,-,https://images.prismic.io/fft-rg-site/aCn60SdWJ-7kSQr9_34330_G.png,/en-us/players/34330-jp.ficovich
33726,Alice,RAME,A.RAME,200,,FRA,F,28 years-old,(9 November 1997),Right,-,-,https://images.prismic.io/fft-rg-site/aghjtaYofJOwHStx_20260514_PJ_RameAlice_US.png,/en-us/players/33726-a.rame
51129,Matej,DODIG,M.DODIG,201,,CRO,M,20 years-old,(19 July 2005),Right,-,-,https://images.prismic.io/fft-rg-site/agyJl6YofJOwHYoC_20260519_PJ_DodigMatej_US.png,/en-us/players/51129-m.dodig
47498,Cadence,BRACE,C.BRACE,202,,CAN,F,21 years-old,(25 February 2005),Right,-,-,https://images.prismic.io/fft-rg-site/agntA6YofJOwHTWa_20260517_PJ_BraceCadence_US.png,/en-us/players/47498-c.brace
38440,Rio,NOGUCHI,R.NOGUCHI,202,350,JPN,M,27 years-old,(28 December 1998),Right,-,-,https://images.prismic.io/fft-rg-site/agnPDqYofJOwHTR3_20260517_PJ_NoguchiRio_US.png,/en-us/players/38440-r.noguchi
26219,Roberto,CARBALLES BAENA,R.CARBALLES BAENA,203,,ESP,M,33 years-old,(23 March 1993),Right,-,-,https://images.prismic.io/fft-rg-site/aghjrKYofJOwHSto_20260514_PJ_CarballesBaenaRoberto_US.png,/en-us/players/26219-r.carballes-baena
47213,Gilles Arnaud,BAILLY,GA.BAILLY,204,,BEL,M,20 years-old,(19 September 2005),Right,-,-,https://images.prismic.io/fft-rg-site/agm4_qYofJOwHTIz_20260517_PJ_BaillyGillesArnaud_US.png,/en-us/players/47213-ga.bailly
15645,Daniel,EVANS,D.EVANS,205,,GBR,M,36 years-old,(23 May 1990),Right,-,-,https://images.prismic.io/fft-rg-site/aCnxMSdWJ-7kSQpf_15645_G.png,/en-us/players/15645-d.evans
40800,Francisca,JORGE,F.JORGE,205,190,POR,F,26 years-old,(21 April 2000),Right,-,-,https://images.prismic.io/fft-rg-site/ZkpwBiol0Zci9RM6_20240518_PJ_JorgeFrancisca_US.png,/en-us/players/40800-f.jorge
26226,Kimmer,COPPEJANS,K.COPPEJANS,206,,BEL,M,32 years-old,(7 February 1994),Right,-,-,https://images.prismic.io/fft-rg-site/agh-g6YofJOwHS0M_20260516_PJ_CoppejansKimmer_US.png,/en-us/players/26226-k.coppejans
38420,Yu Hsiou,HSU,YH.HSU,207,172,TPE,M,27 years-old,(2 April 1999),Right,-,-,https://images.prismic.io/fft-rg-site/aftEq8BOoF08xrPD_20250517_PJ_HsuYuHsiou_US.png,/en-us/players/38420-yh.hsu
42590,Yeonwoo,KU,Y.KU,207,420,KOR,F,23 years-old,(15 March 2003),-,-,-,https://images.prismic.io/fft-rg-site/agnQU6YofJOwHTSP_20260517_PJ_KuYeonwoo_US.png,/en-us/players/42590-y.ku
36751,Remy,BERTOLA,R.BERTOLA,208,,SUI,M,27 years-old,(31 August 1998),Right,-,-,https://images.prismic.io/fft-rg-site/agmMK6YofJOwHTGh_20260517_PJ_BertolaRemy_US.png,/en-us/players/36751-r.bertola
33667,Gabriela,KNUTSON,G.KNUTSON,208,252,CZE,F,29 years-old,(21 April 1997),Right,-,-,https://images.prismic.io/fft-rg-site/aCn6SCdWJ-7kSQr3_33667_G.png,/en-us/players/33667-g.knutson
37989,Maria Lourdes,CARLE,ML.CARLE,209,158,ARG,F,26 years-old,(10 February 2000),Right,-,-,https://images.prismic.io/fft-rg-site/aghjraYofJOwHStp_20260514_PJ_CarleMariaLourdes_US.png,/en-us/players/37989-ml.carle
20419,Lorenzo,GIUSTINO,L.GIUSTINO,209,,ITA,M,34 years-old,(10 September 1991),Right,-,-,https://images.prismic.io/fft-rg-site/agnwi6YofJOwHTXN_20260517_PJ_GiustinoLorenzo_US.png,/en-us/players/20419-l.giustino
47417,Lucie,HAVLICKOVA,L.HAVLICKOVA,210,127,CZE,F,21 years-old,(13 March 2005),Right,-,-,https://images.prismic.io/fft-rg-site/agipIqYofJOwHS4g_20260516_PJ_Havli%CC%81ckovaLucie_US.png,/en-us/players/47417-l.havlickova
35177,Vitaliy,SACHKO,V.SACHKO,210,199,UKR,M,28 years-old,(14 July 1997),Right,-,-,https://images.prismic.io/fft-rg-site/Zkpt_Col0Zci9RMm_20240518_PJ_SachkoVitaliy_US.png,/en-us/players/35177-v.sachko
16659,Irina-Camelia,BEGU,I.BEGU,211,189,ROU,F,35 years-old,(26 August 1990),Right,-,-,https://images.prismic.io/fft-rg-site/aghjwaYofJOwHSt-_20260515_PJ_BeguIrinaCamelia_US.png,/en-us/players/16659-i.begu
45426,Guy,DEN OUDEN,G.DEN OUDEN,211,,NED,M,24 years-old,(8 April 2002),Right,-,-,https://images.prismic.io/fft-rg-site/aCoUCSdWJ-7kSQwb_45426_G.png,/en-us/players/45426-g.den-ouden
47198,Lautaro,MIDON,L.MIDON,212,,ARG,M,22 years-old,(29 March 2004),Right,-,-,https://images.prismic.io/fft-rg-site/agwyU6YofJOwHW6__20260519_PJ_MidonLautaro_US.PNG,/en-us/players/47198-l.midon
24244,Anna-Lena,FRIEDSAM,AL.FRIEDSAM,213,282,GER,F,32 years-old,(1 February 1994),Right,-,-,https://images.prismic.io/fft-rg-site/aCnyUCdWJ-7kSQps_24244_G.png,/en-us/players/24244-al.friedsam
18011,Ekaterine,GORGODZE,E.GORGODZE,214,100,GEO,F,34 years-old,(3 December 1991),Left,-,-,https://images.prismic.io/fft-rg-site/agmL66YofJOwHTGf_20260517_PJ_GorgodzeEkaterine_US.png,/en-us/players/18011-e.gorgodze
42442,Harold,MAYOT,H.MAYOT,214,291,FRA,M,24 years-old,(4 February 2002),Right,-,-,https://images.prismic.io/fft-rg-site/aCoPTydWJ-7kSQvf_42442_G.png,/en-us/players/42442-h.mayot
35604,Susan,BANDECCHI,S.BANDECCHI,215,472,SUI,F,27 years-old,(1 July 1998),Right,-,-,https://images.prismic.io/fft-rg-site/aCn8ZidWJ-7kSQsJ_35604_G.png,/en-us/players/35604-s.bandecchi
47465,Celine,NAEF,C.NAEF,216,491,SUI,F,20 years-old,(25 June 2005),Right,-,-,https://images.prismic.io/fft-rg-site/agh-jKYofJOwHS0U_20260516_PJ_NaefCeline_US.png,/en-us/players/47465-c.naef
50382,Yi,ZHOU,Y.ZHOU,217,,CHN,M,21 years-old,(14 March 2005),Right,-,-,https://images.prismic.io/fft-rg-site/f309e1da-3107-488d-8b07-13f11286065a_Zhou.png,/en-us/players/50382-y.zhou
9525,Gael,MONFILS,G.MONFILS,218,,FRA,M,39 years-old,(1 September 1986),Right,-,-,https://images.prismic.io/fft-rg-site/d6287cdb-9a2d-418a-97ae-d67ce1fefc6a_20240112_PJ_MonfilsGael_US.png,/en-us/players/9525-g.monfils
47434,Elena,PRIDANKINA,E.PRIDANKINA,218,74,---,F,20 years-old,(30 August 2005),Right,-,-,https://images.prismic.io/fft-rg-site/aCoX9idWJ-7kSQxi_47434_G.png,/en-us/players/47434-e.pridankina
24530,Liam,BROADY,L.BROADY,219,,GBR,M,32 years-old,(4 January 1994),Left,-,-,https://images.prismic.io/fft-rg-site/aftGsMBOoF08xrU3_20220517_PJ_BroadyLiam_US.png,/en-us/players/24530-l.broady
21623,Pierre-Hugues,HERBERT,PH.HERBERT,220,57,FRA,M,35 years-old,(18 March 1991),Right,-,-,https://images.prismic.io/fft-rg-site/aeoo3sBOoF08xQFp_20260118_PJ_HerbertPierreHugues_US.png,/en-us/players/21623-ph.herbert
38603,Mai,HONTAMA,M.HONTAMA,220,,JPN,F,26 years-old,(30 August 1999),Right,-,-,https://images.prismic.io/fft-rg-site/agio1qYofJOwHS4a_20260516_PJ_HontamaMai_US.png,/en-us/players/38603-m.hontama
34436,Hugo,GRENIER,H.GRENIER,221,,FRA,M,30 years-old,(23 March 1996),Right,-,-,https://images.prismic.io/fft-rg-site/aghjrqYofJOwHStq_20260514_PJ_GrenierHugo_US.png,/en-us/players/34436-h.grenier
40312,Anna,SISKOVA,A.SISKOVA,222,62,CZE,F,24 years-old,(1 July 2001),Right,-,-,https://images.prismic.io/fft-rg-site/agm6caYofJOwHTI3_20260517_PJ_SiskovaAnna_US.png,/en-us/players/40312-a.siskova
36676,Andy,ANDRADE,A.ANDRADE,223,157,ECU,M,27 years-old,(14 December 1998),Right,-,-,https://images.prismic.io/fft-rg-site/agm5q6YofJOwHTI1_20260517_PJ_AndradeAndres_US.png,/en-us/players/36676-a.andrade
51087,Elizara,YANEVA,E.YANEVA,224,,BUL,F,19 years-old,(21 March 2007),-,-,-,https://images.prismic.io/fft-rg-site/agh-iKYofJOwHS0R_20260516_PJ_JanewaElisara_US.png,/en-us/players/51087-e.yaneva
32885,Zhizhen,ZHANG,Z.ZHANG,224,,CHN,M,29 years-old,(16 October 1996),Right,-,-,https://images.prismic.io/fft-rg-site/aeoozMBOoF08xQFU_20260117_PJ_ZhangZhizhen_US.png,/en-us/players/32885-z.zhang
31398,Harmony,TAN,H.TAN,225,,FRA,F,28 years-old,(11 September 1997),Right,-,-,https://images.prismic.io/fft-rg-site/ZknKUyol0Zci9Q75_20240516_PJ_TanHarmony_US.png,/en-us/players/31398-h.tan
37517,Genaro Alberto,OLIVIERI,GA.OLIVIERI,226,,ARG,M,27 years-old,(4 August 1998),Right,-,-,https://images.prismic.io/fft-rg-site/ZkpuQyol0Zci9RMr_20240518_PJ_OllivieriGenraoAlberto_US.png,/en-us/players/37517-ga.olivieri
43909,Alice,TUBELLO,A.TUBELLO,226,,FRA,F,25 years-old,(30 January 2001),Right,-,-,https://images.prismic.io/fft-rg-site/ZkrsvSol0Zci9Rdf_20240518_PJ_TubelloAlice_US.png,/en-us/players/43909-a.tubello
26013,Laura,PIGOSSI,L.PIGOSSI,227,87,BRA,F,31 years-old,(2 August 1994),Right,-,-,https://images.prismic.io/fft-rg-site/agh-j6YofJOwHS0X_20260516_PJ_PigossiLaura_US.png,/en-us/players/26013-l.pigossi
42371,Harry,WENDELKEN,H.WENDELKEN,227,248,GBR,M,24 years-old,(18 December 2001),Right,-,-,https://images.prismic.io/fft-rg-site/aftHUcBOoF08xrWT_20190602_PJ_WendelkenHarry_US.png,/en-us/players/42371-h.wendelken
48353,Tom,GENTZSCH,T.GENTZSCH,228,,GER,M,22 years-old,(5 September 2003),Right,-,-,https://images.prismic.io/fft-rg-site/ag13wKYofJOwHaf__20260519_PJ_GentzschTom_US.png,/en-us/players/48353-t.gentzsch
33675,Viktoria,HRUNCAKOVA,V.HRUNCAKOVA,228,135,SVK,F,28 years-old,(11 May 1998),Right,-,-,https://images.prismic.io/fft-rg-site/aghwp6YofJOwHSw__20260515_PJ_HruncakovaViktoria_US.png,/en-us/players/33675-v.hruncakova
48187,Darwin,BLANCH,D.BLANCH,229,,USA,M,18 years-old,(28 September 2007),Left,-,-,https://images.prismic.io/fft-rg-site/c38bff29-32df-4d41-a15f-f455c995c13a_darwin.png,/en-us/players/48187-d.blanch
38438,Dan,ADDED,D.ADDED,230,262,FRA,M,27 years-old,(13 April 1999),Right,-,-,https://images.prismic.io/fft-rg-site/aghjvqYofJOwHSt6_20260515_PJ_AddedDan_US.png,/en-us/players/38438-d.added
36102,Katherine,SEBOV,K.SEBOV,231,,CAN,F,27 years-old,(5 January 1999),Right,-,-,https://images.prismic.io/fft-rg-site/agnuIKYofJOwHTWf_20260517_PJ_SebovKatherine_US.png,/en-us/players/36102-k.sebov
44598,Pedro,BOSCARDIN DIAS,P.BOSCARDIN DIAS,233,292,BRA,M,23 years-old,(28 January 2003),Right,-,-,https://images.prismic.io/fft-rg-site/aghjqqYofJOwHStm_20260514_PJ_BoscardinDiasPedro_US.png,/en-us/players/44598-p.boscardin-dias
36490,Xinyu,GAO,X.GAO,233,,CHN,F,28 years-old,(21 November 1997),Right,-,-,https://images.prismic.io/fft-rg-site/ZkrqMiol0Zci9Rc9_20240517_PJ_GaoXinyu_US.png,/en-us/players/36490-x.gao
48993,Aoi,ITO,A.ITO,234,,JPN,F,22 years-old,(21 May 2004),Right,-,-,https://images.prismic.io/fft-rg-site/agh-h6YofJOwHS0Q_20260516_PJ_ItoAoi_US.png,/en-us/players/48993-a.ito
47174,James,MCCABE,J.MCCABE,234,355,AUS,M,22 years-old,(5 July 2003),Right,-,-,https://images.prismic.io/fft-rg-site/aeoowsBOoF08xQFJ_20260117_PJ_MccabeJames_US.png,/en-us/players/47174-j.mccabe
45279,Aliona,FALEI,A.FALEI,235,,---,F,22 years-old,(29 March 2004),Right,-,-,https://images.prismic.io/fft-rg-site/ZktpVSol0Zci9Sdl_45279_A.FALEI.png,/en-us/players/45279-a.falei
37982,Miriam,BULGARU,M.BULGARU,236,,ROU,F,27 years-old,(8 October 1998),Right,-,-,https://images.prismic.io/fft-rg-site/agh-gqYofJOwHS0L_20260516_PJ_BulgaruMiriam_US.png,/en-us/players/37982-m.bulgaru
44823,Max,HOUKES,M.HOUKES,236,372,NED,M,25 years-old,(3 July 2000),Left,-,-,https://images.prismic.io/fft-rg-site/aghjsaYofJOwHStt_20260514_PJ_HoukesMax_US.png,/en-us/players/44823-m.houkes
27638,Frederico,FERREIRA SILVA,F.FERREIRA SILVA,237,,POR,M,31 years-old,(18 March 1995),Left,-,-,https://images.prismic.io/fft-rg-site/agm7lKYofJOwHTI7_20260517_PJ_FerreiraSilvaFrederico_US.png,/en-us/players/27638-f.ferreira-silva
49347,Federico,CINA,F.CINA,238,,ITA,M,19 years-old,(30 March 2007),Right,-,-,https://images.prismic.io/fft-rg-site/aeoousBOoF08xQFA_20260117_PJ_CinaFederico_US.png,/en-us/players/49347-f.cina
44313,Julia,AVDEEVA,J.AVDEEVA,239,,---,F,23 years-old,(6 July 2002),Right,-,-,https://images.prismic.io/fft-rg-site/ZksCECol0Zci9Rk__44313_J.Avdeeva.png,/en-us/players/44313-j.avdeeva
44044,Felix,GILL,F.GILL,240,,GBR,M,23 years-old,(1 June 2002),Left,-,-,https://images.prismic.io/fft-rg-site/agwyp6YofJOwHW7I_20260519_PJ_GillFelix_US.png,/en-us/players/44044-f.gill
26142,Kathinka,VON DEICHMANN,K.VON DEICHMANN,240,,LIE,F,32 years-old,(16 May 1994),Right,-,-,https://images.prismic.io/fft-rg-site/aCnzUidWJ-7kSQp4_26142_G.png,/en-us/players/26142-k.von-deichmann
41468,Luka,PAVLOVIC,L.PAVLOVIC,241,322,FRA,M,26 years-old,(30 March 2000),Right,-,-,https://images.prismic.io/fft-rg-site/aCr9cSdWJ-7kSR_I_41468_G.png,/en-us/players/41468-l.pavlovic
44951,Alejandro,MORO CANAS,A.MORO CANAS,242,,ESP,M,25 years-old,(7 December 2000),Right,-,-,https://images.prismic.io/fft-rg-site/aghjtKYofJOwHStw_20260514_PJ_MoroCanasAlejandro_US.png,/en-us/players/44951-a.moro-canas
35658,Irene,BURILLO,I.BURILLO,243,111,ESP,F,28 years-old,(23 July 1997),Right,-,-,https://images.prismic.io/fft-rg-site/agiPLaYofJOwHS2Z_20260516_PJ_BurilloEscorihuelaIrene_US.png,/en-us/players/35658-i.burillo
39019,Oliver,CRAWFORD,O.CRAWFORD,243,,GBR,M,27 years-old,(30 April 1999),Right,-,-,https://images.prismic.io/fft-rg-site/ZkpukSol0Zci9RMs_20240517_PJ_CrawfordOliver_US.png,/en-us/players/39019-o.crawford
44309,Selena,JANICIJEVIC,S.JANICIJEVIC,246,,FRA,F,23 years-old,(23 July 2002),Right,-,-,https://images.prismic.io/fft-rg-site/agh-iqYofJOwHS0S_20260516_PJ_JanicijevicSelena_US.png,/en-us/players/44309-s.janicijevic
26307,Stefano,NAPOLITANO,S.NAPOLITANO,246,,ITA,M,31 years-old,(11 April 1995),Right,-,-,https://images.prismic.io/fft-rg-site/23efee96-fbf0-42bd-93f7-d3c69987fede_20240108_PJ_NapolitanoStefano_US.png,/en-us/players/26307-s.napolitano
23461,Kaichi,UCHIDA,K.UCHIDA,247,324,JPN,M,31 years-old,(23 August 1994),Right,-,-,https://images.prismic.io/fft-rg-site/0a29de2f-7926-474f-bd22-0c14f1291049_Uchida.png,/en-us/players/23461-k.uchida
19706,David,GOFFIN,D.GOFFIN,248,,BEL,M,35 years-old,(7 December 1990),Right,-,-,https://images.prismic.io/fft-rg-site/86f2a4b2-3d89-4639-9570-5a8c07a0397d_20220309_PJ_GoffinDavid_US.png,/en-us/players/19706-d.goffin
40500,Florent,BAX,F.BAX,250,,FRA,M,26 years-old,(16 June 1999),Right,-,-,https://images.prismic.io/fft-rg-site/agn09aYofJOwHTXa_20260517_PJ_BaxFlorent_US.png,/en-us/players/40500-f.bax
33429,Jay,CLARKE,J.CLARKE,251,259,GBR,M,27 years-old,(27 July 1998),Right,-,-,https://images.prismic.io/fft-rg-site/c771b311-c74f-4ff1-b850-d0284fd091a3_20200116_PJ_ClarkeJay_US.png,/en-us/players/33429-j.clarke
45906,Matilde,JORGE,M.JORGE,251,125,POR,F,22 years-old,(7 April 2004),Right,-,-,https://images.prismic.io/fft-rg-site/agwSzaYofJOwHWmD_20260518_PJ_JorgeMatilde_US.png,/en-us/players/45906-m.jorge
23934,Ana Sofia,SÁNCHEZ,AS.SÁNCHEZ,253,450,MEX,F,32 years-old,(13 April 1994),Left,-,-,https://images.prismic.io/fft-rg-site/aghjt6YofJOwHStz_20260514_PJ_SanchezAnaSofia_US.png,/en-us/players/23934-as.sánchez
43056,Alvaro,GUILLEN MEZA,A.GUILLEN MEZA,262,,ECU,M,23 years-old,(2 January 2003),Right,-,-,https://images.prismic.io/fft-rg-site/aCoQwydWJ-7kSQvs_43056_G.png,/en-us/players/43056-a.guillen-meza
31156,Fajing,SUN,F.SUN,265,278,CHN,M,29 years-old,(3 October 1996),Right,-,-,,/en-us/players/31156-f.sun
43572,Julie,BELGRAVER,J.BELGRAVER,266,285,FRA,F,23 years-old,(4 July 2002),Right,-,-,https://images.prismic.io/fft-rg-site/agmLq6YofJOwHTGe_20260517_PJ_BelgraverJulie_US.png,/en-us/players/43572-j.belgraver
46212,Sascha,GUEYMARD WAYENBURG,S.GUEYMARD WAYENBURG,266,,FRA,M,22 years-old,(1 August 2003),Right,-,-,https://images.prismic.io/fft-rg-site/aeoo3cBOoF08xQFo_20260118_PJ_GueymardSascha_US.png,/en-us/players/46212-s.gueymard-wayenburg
42514,En-Shuo,LIANG,ES.LIANG,268,57,TPE,F,25 years-old,(2 October 2000),Right,-,-,https://images.prismic.io/fft-rg-site/ahHXHbK9tuLqEGOS_20260523_PJ_LiangEnShuo_US.png,/en-us/players/42514-es.liang
47251,Ilia,SIMAKIN,I.SIMAKIN,268,368,---,M,22 years-old,(27 October 2003),Right,-,-,https://images.prismic.io/fft-rg-site/agipnKYofJOwHS4q_20260516_PJ_SimakinIlia_US.png,/en-us/players/47251-i.simakin
38594,Katarina,ZAVATSKA,K.ZAVATSKA,270,,UKR,F,26 years-old,(5 February 2000),Right,-,-,https://images.prismic.io/fft-rg-site/ZkpvWSol0Zci9RM1_20240517_PJ_ZavatskaKatarina_US.png,/en-us/players/38594-k.zavatska
38053,Eva,GUERRERO ALVAREZ,E.GUERRERO ALVAREZ,271,,ESP,F,26 years-old,(4 September 1999),-,-,-,https://images.prismic.io/fft-rg-site/aght_6YofJOwHSvh_20260515_PJ_GuerreroAlvarezEva_US.png,/en-us/players/38053-e.guerrero-alvarez
36426,Yosuke,WATANUKI,Y.WATANUKI,271,,JPN,M,28 years-old,(12 April 1998),Right,-,-,https://images.prismic.io/fft-rg-site/agh-fqYofJOwHS0H_20260515_PJ_WatanukiYosuke_US.png,/en-us/players/36426-y.watanuki
26922,Nerman,FATIC,N.FATIC,276,,BIH,M,31 years-old,(24 October 1994),Right,-,-,https://images.prismic.io/fft-rg-site/ZkpqPiol0Zci9RL0_20240518_PJ_FaticNerman_US.png,/en-us/players/26922-n.fatic
38391,Charles,BROOM,C.BROOM,280,214,GBR,M,28 years-old,(24 April 1998),Right,-,-,https://images.prismic.io/fft-rg-site/aghjq6YofJOwHStn_20260514_PJ_BroomCharles_US.png,/en-us/players/38391-c.broom
29436,Calvin,HEMERY,C.HEMERY,283,,FRA,M,31 years-old,(28 January 1995),Right,-,-,https://images.prismic.io/fft-rg-site/agm4uKYofJOwHTIy_20260517_PJ_HemeryCalvin_US.png,/en-us/players/29436-c.hemery
46043,Robin,BERTRAND,R.BERTRAND,286,487,FRA,M,23 years-old,(15 March 2003),Right,-,-,https://images.prismic.io/fft-rg-site/agh-gaYofJOwHS0K_20260516_PJ_BertrandRobin_US.png,/en-us/players/46043-r.bertrand
47226,Antoine,GHIBAUDO,A.GHIBAUDO,291,,FRA,M,21 years-old,(25 January 2005),Right,-,-,https://images.prismic.io/fft-rg-site/agwbGaYofJOwHWqR_20230602_PJ_GhibaudoAntoine_US.PNG,/en-us/players/47226-a.ghibaudo
45848,Ayana,AKLI,A.AKLI,293,137,USA,F,24 years-old,(6 July 2001),Right,-,-,https://images.prismic.io/fft-rg-site/aghjvKYofJOwHSt4_20260514PJ_AkliAyana_US.png,/en-us/players/45848-a.akli
37719,Thiago,SEYBOTH WILD,T.SEYBOTH WILD,297,,BRA,M,26 years-old,(10 March 2000),Right,-,-,https://images.prismic.io/fft-rg-site/aghju6YofJOwHSt3_20260514_SeybothWildThiago_US.png,/en-us/players/37719-t.seyboth-wild
28888,Sara,SORRIBES TORMO,S.SORRIBES TORMO,304,192,ESP,F,29 years-old,(8 October 1996),Right,-,-,https://images.prismic.io/fft-rg-site/8d4b3d77-1e59-4ee5-9a87-b28d5f5beac7_20240302_PJ_SorrbesTormoSara_US.png,/en-us/players/28888-s.sorribes-tormo
5370,Vera,ZVONAREVA,V.ZVONAREVA,308,29,---,F,41 years-old,(7 September 1984),Right,-,-,https://images.prismic.io/fft-rg-site/b014ce9b-ae08-43e3-8793-de0c4127949c_20190523_PJ_ZvonarevaVera_US.png,/en-us/players/5370-v.zvonareva
50856,Alisa,OKTIABREVA,A.OKTIABREVA,309,,---,F,17 years-old,(26 July 2008),Right,-,-,https://images.prismic.io/fft-rg-site/24fb3f24-585e-4a6c-b034-dd828c92f180_20230604_PJ_OktiabrevaAlisa_US.png,/en-us/players/50856-a.oktiabreva
46902,Amandine,MONNOT,A.MONNOT,313,,FRA,F,24 years-old,(6 February 2002),-,-,-,https://images.prismic.io/fft-rg-site/agwz4qYofJOwHW75_20260519_PJ_MonotAmandine_US.png,/en-us/players/46902-a.monnot
53021,Moise,KOUAME,M.KOUAME,318,,FRA,M,17 years-old,(6 March 2009),Right,-,-,https://images.prismic.io/fft-rg-site/Zl1-o6WtHYXtUAsA_53021_M.KOUAME.png,/en-us/players/53021-m.kouame
40844,Manon,LEONARD,M.LEONARD,322,,FRA,F,25 years-old,(20 January 2001),Right,-,-,https://images.prismic.io/fft-rg-site/aghxAaYofJOwHSxE_20260515_PJ_LeonardManon_US.png,/en-us/players/40844-m.leonard
44212,Margaux,ROUVROY,M.ROUVROY,325,,FRA,F,25 years-old,(22 March 2001),Right,-,-,https://images.prismic.io/fft-rg-site/aCwj_CdWJ-7kSUtS_44212_G.png,/en-us/players/44212-m.rouvroy
45658,Robin,MONTGOMERY,R.MONTGOMERY,339,,USA,F,21 years-old,(5 September 2004),Left,-,-,https://images.prismic.io/fft-rg-site/df520baa-e6d7-42b1-937e-2fa8e1369efe_20240305_PJ_MontgomeryRobin_US.png,/en-us/players/45658-r.montgomery
28266,Chloé,PAQUET,C.PAQUET,343,,FRA,F,31 years-old,(1 July 1994),Right,-,-,https://images.prismic.io/fft-rg-site/aDAioidWJ-7kSeRQ_28266_G.png,/en-us/players/28266-c.paquet
29912,Marc,POLMANS,M.POLMANS,347,38,AUS,M,29 years-old,(2 May 1997),Right,-,-,https://images.prismic.io/fft-rg-site/733a0b4d-f728-4f8d-bcbc-8f80529c20f8_20240113_PJ_PolmansMarc_US.png,/en-us/players/29912-m.polmans
41945,Tiphanie,LEMAITRE,T.LEMAITRE,358,203,FRA,F,26 years-old,(17 May 2000),-,-,-,,/en-us/players/41945-t.lemaitre
21500,Sloane,STEPHENS,S.STEPHENS,363,,USA,F,33 years-old,(20 March 1993),Right,-,-,https://images.prismic.io/fft-rg-site/b4e4c6f5-c354-400c-afd0-d16e77d83327_20240305_PJ_StephensSloane_US.png,/en-us/players/21500-s.stephens
51307,Thomas,FAUREL,T.FAUREL,378,,FRA,M,20 years-old,(21 January 2006),Right,-,-,https://images.prismic.io/fft-rg-site/ZkrsVCol0Zci9Rdc_20240517_PJ_FaurelThomas_US.png,/en-us/players/51307-t.faurel
45483,Sean,CUENIN,S.CUENIN,381,,FRA,M,22 years-old,(16 February 2004),Right,-,-,https://images.prismic.io/fft-rg-site/afc7fa81-f56b-4689-9021-d429d16fbdbd_20201007_PJ_CueninSean_US.png,/en-us/players/45483-s.cuenin
52542,Julieta,PAREJA,J.PAREJA,389,,USA,F,17 years-old,(18 February 2009),-,-,-,https://images.prismic.io/fft-rg-site/aDxVXbh8WN-LVdFv_52542_G.png,/en-us/players/52542-j.pareja
28480,Carol,ZHAO,C.ZHAO,406,,CAN,F,30 years-old,(20 June 1995),Right,-,-,https://images.prismic.io/fft-rg-site/Zkppbyol0Zci9RLc_20240518_PJ_ZhaoCarol_US.png,/en-us/players/28480-c.zhao
51109,Rada,ZOLOTAREVA,R.ZOLOTAREVA,408,440,---,F,17 years-old,(28 September 2008),-,-,-,https://images.prismic.io/fft-rg-site/aDxPDrh8WN-LVdE7_51109_G.png,/en-us/players/51109-r.zolotareva
52978,Jack,KENNEDY,J.KENNEDY,426,,USA,M,17 years-old,(4 June 2008),Right,-,-,https://images.prismic.io/fft-rg-site/Zl1-nqWtHYXtUAr8_52978_J.KENNEDY.png,/en-us/players/52978-j.kennedy
2332,Venus,WILLIAMS,V.WILLIAMS,459,119,USA,F,45 years-old,(17 June 1980),Right,-,-,https://images.prismic.io/fft-rg-site/8794309b-1b6f-4617-b5d2-72150143ebc9_20200924_PJ_WilliamsVenus_US.png,/en-us/players/2332-v.williams
51318,Alena,KOVACKOVA,A.KOVACKOVA,476,275,CZE,F,17 years-old,(13 June 2008),-,-,-,https://images.prismic.io/fft-rg-site/ZlyUe6WtHYXtT_6O_51318_A.KOVACKOVA.png,/en-us/players/51318-a.kovackova
21892,Martina,TREVISAN,M.TREVISAN,492,,ITA,F,32 years-old,(3 November 1993),Left,-,-,https://images.prismic.io/fft-rg-site/021256c1-87a3-4766-b8ad-48482f3ed1cd_20240305_PJ_TrevisanMartina_US.png,/en-us/players/21892-m.trevisan
50726,Tahlia,KOKKINIS,T.KOKKINIS,495,,AUS,F,17 years-old,(11 August 2008),-,-,-,,/en-us/players/50726-t.kokkinis
53202,Motoharu,ABE,M.ABE,,,JPN,M,17 years-old,(4 February 2009),Left,-,-,,/en-us/players/53202-m.abe
53148,Renee,ALAME,R.ALAME,,,AUS,F,17 years-old,(5 May 2009),-,-,-,,/en-us/players/53148-r.alame
53102,Yannick Theodor,ALEXANDRESCOU,YT.ALEXANDRESCOU,,,FRA,M,18 years-old,(10 January 2008),Right,-,-,https://images.prismic.io/fft-rg-site/aD6mArh8WN-LVgkh_53102_G.png,/en-us/players/53102-yt.alexandrescou
53081,Yannik,ALVAREZ,Y.ALVAREZ,,,PUR,M,17 years-old,(12 October 2008),-,-,-,https://images.prismic.io/fft-rg-site/aDxtSbh8WN-LVdKk_53081_G.png,/en-us/players/53081-y.alvarez
20074,Guido,ANDREOZZI,G.ANDREOZZI,,16,ARG,M,34 years-old,(5 August 1991),Right,-,-,https://images.prismic.io/fft-rg-site/aeoozsBOoF08xQFX_20260118_PJ_AndreozziGuido_US.png,/en-us/players/20074-g.andreozzi
54748,Michael,ANTONIUS,M.ANTONIUS,,,USA,M,16 years-old,(1 January 2010),Right,-,-,,/en-us/players/54748-m.antonius
21189,Shuko,AOYAMA,S.AOYAMA,,53,JPN,F,38 years-old,(19 December 1987),Right,-,-,https://images.prismic.io/fft-rg-site/772451c4-4c13-47fe-99f3-7d166e45d36b_20180524_PJ_AoyamaShuko_US.png,/en-us/players/21189-s.aoyama
31478,Sander,ARENDS,S.ARENDS,,56,NED,M,34 years-old,(9 August 1991),Right,-,-,https://images.prismic.io/fft-rg-site/30042c89-79c7-4b46-bf61-3259ea06a265_20200119_PJ_ArendsSander_US.png,/en-us/players/31478-s.arends
18516,Marcelo,AREVALO,M.AREVALO,,14,ESA,M,35 years-old,(17 October 1990),Right,-,-,https://images.prismic.io/fft-rg-site/c9a8768d-1c0f-4a88-8bfd-3d053c779e04_20220310_PJ_ArevaloMarcelo_US.png,/en-us/players/18516-m.arevalo
21981,Romain,ARNEODO,R.ARNEODO,,60,MON,M,33 years-old,(4 August 1992),Right,-,-,https://images.prismic.io/fft-rg-site/dee5c2b7-fcd4-44cb-9927-113c95ec2372_20240112_PJ_ArneodoRomain_US.png,/en-us/players/21981-r.arneodo
44411,Theo,ARRIBAGE,T.ARRIBAGE,,30,FRA,M,25 years-old,(9 October 2000),Left,-,-,https://images.prismic.io/fft-rg-site/aDlfhydWJ-7kSuCq_44411_G.png,/en-us/players/44411-t.arribage
54766,Nicolas,BAENA,N.BAENA,,,PER,M,18 years-old,(30 January 2008),Right,-,-,,/en-us/players/54766-n.baena
19198,N.Sriram,BALAJI,NS.BALAJI,,66,IND,M,36 years-old,(18 March 1990),Right,-,-,,/en-us/players/19198-ns.balaji
38490,Siddhant,BANTHIA,S.BANTHIA,,122,IND,M,25 years-old,(4 August 2000),Right,-,-,,/en-us/players/38490-s.banthia
54947,Daniel,BARANES,D.BARANES,,,FRA,F,-,,-,-,-,,/en-us/players/54947-d.baranes
53108,Victoria Luiza,BARROS,VL.BARROS,,,BRA,F,16 years-old,(21 December 2009),-,-,-,https://images.prismic.io/fft-rg-site/aDxcabh8WN-LVdHY_53108_G.png,/en-us/players/53108-vl.barros
56921,Will,BARTON,W.BARTON,,,GBR,M,15 years-old,(10 March 2011),-,-,-,,/en-us/players/56921-w.barton
54735,Thilo,BEHRMANN,T.BEHRMANN,,,AUT,M,18 years-old,(27 January 2008),-,-,-,https://images.prismic.io/fft-rg-site/aDxar7h8WN-LVdHH_54735_G.png,/en-us/players/54735-t.behrmann
47745,Angelica,BERNAL,A.BERNAL,,,COL,F,31 years-old,(27 March 1995),-,-,-,https://images.prismic.io/fft-rg-site/1a56cf4d-a745-40ab-bcc8-635c9edd2f49_bernal.png,/en-us/players/47745-a.bernal
18563,Yuki,BHAMBRI,Y.BHAMBRI,,23,IND,M,33 years-old,(4 July 1992),Right,-,-,https://images.prismic.io/fft-rg-site/8611f892-ea8a-45e0-8e5d-c867086f1ddd_20240112_PJ_BhambriYuki_US.png,/en-us/players/18563-y.bhambri
51459,Nikita,BILOZERTSEV,N.BILOZERTSEV,,,UZB,M,17 years-old,(28 November 2008),Left,-,-,https://images.prismic.io/fft-rg-site/aDwZwbh8WN-LVc0E_51459_G.png,/en-us/players/51459-n.bilozertsev
36258,Geoffrey,BLANCANEAUX,G.BLANCANEAUX,,,FRA,M,-,,-,-,-,,/en-us/players/36258-g.blancaneaux
9677,Simone,BOLELLI,S.BOLELLI,,11,ITA,M,40 years-old,(8 October 1985),Right,-,-,https://images.prismic.io/fft-rg-site/ec625bd7-2d52-47b5-b3c0-1890038d5b31_20190113_PJ_BolelliSimone_US.png,/en-us/players/9677-s.bolelli
54758,Juan Miguel,BOLIVAR IDARRAGA,JM.BOLIVAR IDARRAGA,,,COL,M,17 years-old,(22 May 2009),Left,-,-,,/en-us/players/54758-jm.bolivar-idarraga
54926,Jinte,BOS,J.BOS,,,NED,F,23 years-old,(4 September 2002),-,-,-,https://images.prismic.io/fft-rg-site/aEKSjLh8WN-LVuD9_54926_G.png,/en-us/players/54926-j.bos
53118,Maia Ilinca,BURCESCU,MI.BURCESCU,,,ROU,F,16 years-old,(26 November 2009),-,-,-,https://images.prismic.io/fft-rg-site/aftKRsBOoF08xreN_20250531_PJ_BurescuMaiaIlinca_US.png,/en-us/players/53118-mi.burcescu
41884,Clara,BUREL,C.BUREL,,,FRA,F,25 years-old,(24 March 2001),Right,-,-,https://images.prismic.io/fft-rg-site/e737c1da-f44f-49ff-b804-01892f66b143_20200722_PJ_BurelClara_US.png,/en-us/players/41884-c.burel
34060,Francisco,CABRAL,F.CABRAL,,21,POR,M,29 years-old,(8 January 1997),Right,-,-,https://images.prismic.io/fft-rg-site/235bc51b-cb33-4f8a-b03b-d25d0446f7fa_20240112_PJ_CabralFrancisco_US.png,/en-us/players/34060-f.cabral
53313,Emilio,CAMACHO,E.CAMACHO,,,ECU,M,17 years-old,(8 May 2009),-,-,-,,/en-us/players/53313-e.camacho
55986,Ninon,CARPENTIER,N.CARPENTIER,,,FRA,F,-,,-,-,-,,/en-us/players/55986-n.carpentier
26526,Estelle,CASCINO,E.CASCINO,,112,FRA,F,30 years-old,(13 March 1996),Right,-,-,https://images.prismic.io/fft-rg-site/6ee84bba-036b-43df-ad28-e5161b500b0c_20201128_PJ_CascinoEstelle_US+%281%29.png,/en-us/players/26526-e.cascino
33421,Julian,CASH,J.CASH,,6,GBR,M,29 years-old,(29 August 1996),Right,-,-,https://images.prismic.io/fft-rg-site/aDHQtidWJ-7kSg_x_33421_G.png,/en-us/players/33421-j.cash
42894,Robert,CASH,R.CASH,,37,USA,M,25 years-old,(7 March 2001),Right,-,-,https://images.prismic.io/fft-rg-site/aeooo8BOoF08xQEl_20260116_PJ_CashRobert_US.png,/en-us/players/42894-r.cash
31399,Frederic,CATTANEO,F.CATTANEO,,,FRA,M,47 years-old,(3 December 1978),-,-,-,https://images.prismic.io/fft-rg-site/Zl7JLZm069VX1bou_31399_G.png,/en-us/players/31399-f.cattaneo
47755,Daniel,CAVERZASCHI,D.CAVERZASCHI,,,ESP,M,32 years-old,(11 July 1993),-,-,-,https://images.prismic.io/fft-rg-site/aD6qY7h8WN-LVgnS_47755_G.png,/en-us/players/47755-d.caverzaschi
53334,Mark,CEBAN,M.CEBAN,,,GBR,M,17 years-old,(13 March 2009),-,-,-,,/en-us/players/53334-m.ceban
56733,Capucine,CEDILLO- VAYSON DE PRADENNE,C.CEDILLO- VAYSON DE PRADENNE,,,FRA,F,-,,-,-,-,,/en-us/players/56733-c.cedillo--vayson-de-pradenne
53042,Pedro Henrique,CHABALGOITY,PH.CHABALGOITY,,,BRA,M,18 years-old,(15 April 2008),Left,-,-,https://images.prismic.io/fft-rg-site/aDxdRbh8WN-LVdHe_53042_G.png,/en-us/players/53042-ph.chabalgoity
21226,Hao-Ching,CHAN,HC.CHAN,,40,TPE,F,32 years-old,(19 September 1993),Right,-,-,https://images.prismic.io/fft-rg-site/4ba87e0b-0bf7-4eeb-8264-635d1ea92dd2_20180526_PJ_ChanHaoChing_US.png,/en-us/players/21226-hc.chan
55990,Lani,CHANG,L.CHANG,,,USA,F,15 years-old,(9 December 2010),-,-,-,,/en-us/players/55990-l.chang
52762,Ksenia,CHASTEAU,K.CHASTEAU,,,FRA,F,20 years-old,(12 March 2006),-,-,-,https://images.prismic.io/fft-rg-site/aEKRWLh8WN-LVuDq_52762_G.png,/en-us/players/52762-k.chasteau
54738,Tito,CHAVEZ,T.CHAVEZ,,,ESP,M,18 years-old,(1 February 2008),Left,-,-,,/en-us/players/54738-t.chavez
53007,Kuan-Shou,CHEN,KS.CHEN,,,TPE,M,18 years-old,(26 April 2008),Left,-,-,https://images.prismic.io/fft-rg-site/aDxYzbh8WN-LVdGq_53007_G.png,/en-us/players/53007-ks.chen
50494,Luna Maria,CINALLI,LM.CINALLI,,,ARG,F,17 years-old,(10 June 2008),-,-,-,https://images.prismic.io/fft-rg-site/aDxM6rh8WN-LVdEw_50494_G.png,/en-us/players/50494-lm.cinalli
53348,Raffaele,CIURNELLI,R.CIURNELLI,,,ITA,M,18 years-old,(4 March 2008),Left,-,-,,/en-us/players/53348-r.ciurnelli
54127,Chukwumelije,CLARKE,C.CLARKE,,,USA,F,16 years-old,(14 August 2009),-,-,-,,/en-us/players/54127-c.clarke
24618,Federico,CORIA,F.CORIA,,,ARG,M,34 years-old,(9 March 1992),Right,-,-,https://images.prismic.io/fft-rg-site/aghjxaYofJOwHSuC_20260515_PJ_CoriaFederico_US.png,/en-us/players/24618-f.coria
53357,Ryan,COZAD,R.COZAD,,,USA,M,17 years-old,(16 October 2008),Left,-,-,https://images.prismic.io/fft-rg-site/aDxuXbh8WN-LVdK0_53357_G.png,/en-us/players/53357-r.cozad
52290,Anastasija,CVETKOVIC,A.CVETKOVIC,,,SRB,F,17 years-old,(25 June 2008),-,-,-,,/en-us/players/52290-a.cvetkovic
17931,Gabriela,DABROWSKI,G.DABROWSKI,,4,CAN,F,34 years-old,(1 April 1992),Right,-,-,https://images.prismic.io/fft-rg-site/77da1d46-ecd8-4532-9318-e653c9876478_20190305_PJ_DabrowskiGabriela_US.png,/en-us/players/17931-g.dabrowski
28683,Anna,DANILINA,A.DANILINA,,6,KAZ,F,30 years-old,(20 August 1995),Right,-,-,https://images.prismic.io/fft-rg-site/aetaj8BOoF08xRzY_20260303_PJ_DanilinaAnna_US.png,/en-us/players/28683-a.danilina
45952,Heath,DAVIDSON,H.DAVIDSON,,,AUS,M,39 years-old,(9 May 1987),-,-,-,https://images.prismic.io/fft-rg-site/Zl7Ig5m069VX1boY_45952_G.png,/en-us/players/45952-h.davidson
52758,Lucas John,DE GOUVEIA,LJ.DE GOUVEIA,,,GBR,M,15 years-old,(25 July 2010),-,-,-,,/en-us/players/52758-lj.de-gouveia
42776,Diede,DE GROOT,D.DE GROOT,,,NED,F,29 years-old,(19 December 1996),-,-,-,https://images.prismic.io/fft-rg-site/aDwkUbh8WN-LVc1m_42776_G.png,/en-us/players/42776-d.de-groot
47737,Martin,DE LA PUENTE,M.DE LA PUENTE,,,ESP,M,26 years-old,(22 June 1999),-,-,-,https://images.prismic.io/fft-rg-site/aEKO5rh8WN-LVuCp_47737_G.png,/en-us/players/47737-m.de-la-puente
17542,Marcelo,DEMOLINER,M.DEMOLINER,,78,BRA,M,37 years-old,(18 January 1989),Right,-,-,https://images.prismic.io/fft-rg-site/aeoo-8BOoF08xQGN_20260119_PJ_DemolinerMarcelo_US.png,/en-us/players/17542-m.demoliner
51369,Pauline,DEROULEDE,P.DEROULEDE,,,FRA,F,35 years-old,(30 December 1990),-,-,-,https://images.prismic.io/fft-rg-site/aDqxd7h8WN-LVcUk_51369_G.png,/en-us/players/51369-p.deroulede
36476,Anastasia,DETIUC,A.DETIUC,,75,CZE,F,27 years-old,(14 December 1998),Right,-,-,https://images.prismic.io/fft-rg-site/aDlfFidWJ-7kSuCe_36476_G.png,/en-us/players/36476-a.detiuc
28687,Oceane,DODIN,O.DODIN,,,FRA,F,29 years-old,(24 October 1996),Right,-,-,https://images.prismic.io/fft-rg-site/8b096c2d-5ee3-4a20-823c-a6a8cf5e28a0_20180524_PJ_DodinOceane_US.png,/en-us/players/28687-o.dodin
53048,Connor,DOIG,C.DOIG,,,RSA,M,18 years-old,(14 January 2008),Left,-,-,,/en-us/players/53048-c.doig
51571,Mathys,DOMENC,M.DOMENC,,,FRA,M,16 years-old,(19 July 2009),Left,-,-,https://images.prismic.io/fft-rg-site/aDxRCrh8WN-LVdFF_51571_G.png,/en-us/players/51571-m.domenc
39074,Alexander,DONSKI,A.DONSKI,,98,BUL,M,27 years-old,(1 August 1998),Right,-,-,,/en-us/players/39074-a.donski
54158,Felitsata,DOROFEEVA-RYBAS,F.DOROFEEVA-RYBAS,,,---,F,16 years-old,(20 October 2009),-,-,-,,/en-us/players/54158-f.dorofeeva-rybas
34248,Aziz,DOUGAZ,A.DOUGAZ,,,TUN,M,29 years-old,(26 March 1997),Left,-,-,https://images.prismic.io/fft-rg-site/aCn6uCdWJ-7kSQr7_34248_G.png,/en-us/players/34248-a.dougaz
20330,Sadio,DOUMBIA,S.DOUMBIA,,24,FRA,M,35 years-old,(12 September 1990),Right,-,-,https://images.prismic.io/fft-rg-site/1ffef5ab-61a9-4803-8d82-6e2fc91366e8_20201207_PJ_DoumbiaSadio_US.png,/en-us/players/20330-s.doumbia
52311,Ksenia,EFREMOVA,K.EFREMOVA,,,FRA,F,17 years-old,(28 April 2009),-,-,-,https://images.prismic.io/fft-rg-site/aCsHTCdWJ-7kSSXv_media_44639858_44391610.png,/en-us/players/52311-k.efremova
45942,Tom,EGBERINK,T.EGBERINK,,,NED,M,33 years-old,(22 December 1992),-,-,-,https://images.prismic.io/fft-rg-site/aDwi-Lh8WN-LVc1c_45942_G.png,/en-us/players/45942-t.egberink
21256,Ulrikke,EIKERI,U.EIKERI,,28,NOR,F,33 years-old,(16 December 1992),Right,-,-,https://images.prismic.io/fft-rg-site/2fc511ab-65a2-424d-b8f2-4033b6dfcba0_20230403_PJ_EikeriUlrikke_US.png,/en-us/players/21256-u.eikeri
34297,Alexander,ERLER,A.ERLER,,34,AUT,M,28 years-old,(27 October 1997),Right,-,-,https://images.prismic.io/fft-rg-site/aDQPQCdWJ-7kSiAJ_34297_G.png,/en-us/players/34297-a.erler
10759,Sara,ERRANI,S.ERRANI,,7,ITA,F,39 years-old,(29 April 1987),Right,-,-,https://images.prismic.io/fft-rg-site/aetahsBOoF08xRzP_20260302_PJ_ErraniSara_US.png,/en-us/players/10759-s.errani
51332,Charo,ESQUIVA BANULS,C.ESQUIVA BANULS,,,ESP,F,18 years-old,(12 March 2008),-,-,-,https://images.prismic.io/fft-rg-site/aDwbnbh8WN-LVc0M_51332_G.png,/en-us/players/51332-c.esquiva-banuls
52804,Charlotte,FAIRBANK,C.FAIRBANK,,,FRA,F,-,,-,-,-,https://images.prismic.io/fft-rg-site/aEKR1Lh8WN-LVuDy_52804_G.png,/en-us/players/52804-c.fairbank
36630,Gustavo,FERNANDEZ,G.FERNANDEZ,,,ARG,M,32 years-old,(20 January 1994),-,-,-,https://images.prismic.io/fft-rg-site/8b528e8e-7837-4dfd-a954-8df677c55cba_20220529_PJ_FernandezGustavo_US.png,/en-us/players/36630-g.fernandez
53427,Kirill,FILARETOV,K.FILARETOV,,,---,M,17 years-old,(30 July 2008),-,-,-,,/en-us/players/53427-k.filaretov
38460,Constantin,FRANTZEN,C.FRANTZEN,,39,GER,M,28 years-old,(16 March 1998),Right,-,-,https://images.prismic.io/fft-rg-site/aeoo_sBOoF08xQGQ_20260119_PJ_FrantzenConstantin_US.png,/en-us/players/38460-c.frantzen
52335,Thea,FRODIN,T.FRODIN,,,USA,F,17 years-old,(17 December 2008),-,-,-,https://images.prismic.io/fft-rg-site/Zl17W6WtHYXtUApP_52335_T.FRODIN.png,/en-us/players/52335-t.frodin
54754,Aaron,GABET,A.GABET,,,FRA,M,-,,-,-,-,https://images.prismic.io/fft-rg-site/aDwNOLh8WN-LVczS_54754_G.png,/en-us/players/54754-a.gabet
39152,Robert,GALLOWAY,R.GALLOWAY,,41,USA,M,33 years-old,(24 September 1992),Right,-,-,https://images.prismic.io/fft-rg-site/aDQUdSdWJ-7kSiE1_39152_G.png,/en-us/players/39152-r.galloway
54946,Benoit,GELDOF,B.GELDOF,,,FRA,M,-,,-,-,-,,/en-us/players/54946-b.geldof
26991,Sander,GILLE,S.GILLE,,72,BEL,M,35 years-old,(15 January 1991),Right,-,-,https://images.prismic.io/fft-rg-site/0e6c5c60-2d9d-4ef0-ad4d-ff6437399cd8_20240113_PJ_GilleSander_US.png,/en-us/players/26991-s.gille
24809,Lloyd,GLASSPOOL,L.GLASSPOOL,,6,GBR,M,32 years-old,(19 November 1993),Right,-,-,https://images.prismic.io/fft-rg-site/3da04517-841e-4e0d-9709-f341b616e290_20220521_PJ_GlasspoolLloyd_US.png,/en-us/players/24809-l.glasspool
33037,Quinn,GLEASON,Q.GLEASON,,39,USA,F,31 years-old,(10 November 1994),Right,-,-,,/en-us/players/33037-q.gleason
11336,Andrey,GOLUBEV,A.GOLUBEV,,,KAZ,M,-,,-,-,-,https://images.prismic.io/fft-rg-site/33087194-6b41-48cf-8a2d-f88c03d784c4_20150519_PJ_GolubevAndrey_US.png,/en-us/players/11336-a.golubev
56764,Eduarda,GOMES,E.GOMES,,,BRA,F,13 years-old,(10 July 2012),-,-,-,,/en-us/players/56764-e.gomes
7416,Maximo,GONZALEZ,M.GONZALEZ,,44,ARG,M,42 years-old,(20 July 1983),Right,-,-,https://images.prismic.io/fft-rg-site/89cd26a5-97ae-464d-8d79-cfefa6dfb0bd_20180524_PJ_GonzalezMaximo_US.png,/en-us/players/7416-m.gonzalez
4766,Santiago,GONZALEZ,S.GONZALEZ,,50,MEX,M,43 years-old,(24 February 1983),Right,-,-,https://images.prismic.io/fft-rg-site/66a19445-59b8-4815-9aec-7926bb008173_20240112_PJ_GonzalezSantiago_US.png,/en-us/players/4766-s.gonzalez
51648,Valentin,GONZALEZ-GALINO,V.GONZALEZ-GALINO,,,ESP,M,17 years-old,(11 December 2008),-,-,-,,/en-us/players/51648-v.gonzalez-galino
54737,Gavin,GOODE,G.GOODE,,,USA,M,18 years-old,(22 April 2008),Left,-,-,,/en-us/players/54737-g.goode
31029,Andre,GORANSSON,A.GORANSSON,,42,SWE,M,32 years-old,(30 April 1994),Right,-,-,https://images.prismic.io/fft-rg-site/aDQiJCdWJ-7kSiQe_31029_G.png,/en-us/players/31029-a.goransson
9913,Marcel,GRANOLLERS,M.GRANOLLERS,,3,ESP,M,40 years-old,(12 April 1986),Right,-,-,https://images.prismic.io/fft-rg-site/012635ae-ccae-45e3-b8a8-35136f5fda20_20220309_PJ_GranollersMarcel__US_US.png,/en-us/players/9913-m.granollers
55253,Matteo,GRIBALDO,M.GRIBALDO,,,ITA,M,17 years-old,(8 October 2008),Left,-,-,,/en-us/players/55253-m.gribaldo
21987,Jiske,GRIFFIOEN,J.GRIFFIOEN,,,NED,F,41 years-old,(17 April 1985),-,-,-,https://images.prismic.io/fft-rg-site/aEKPh7h8WN-LVuCz_21987_G.png,/en-us/players/21987-j.griffioen
52767,Luna,GRYP,L.GRYP,,,BEL,F,17 years-old,(30 December 2008),-,-,-,,/en-us/players/52767-l.gryp
34455,Manuel,GUINARD,M.GUINARD,,17,FRA,M,30 years-old,(15 November 1995),Right,-,-,https://images.prismic.io/fft-rg-site/Zkp2oCol0Zci9RNu_34455_G.png,/en-us/players/34455-m.guinard
52787,Luoyao,GUO,L.GUO,,,CHN,F,24 years-old,(11 November 2001),-,-,-,,/en-us/players/52787-l.guo
11298,Robin,HAASE,R.HAASE,,51,NED,M,39 years-old,(6 April 1987),Right,-,-,https://images.prismic.io/fft-rg-site/aeopAMBOoF08xQGT_20260119_PJ_HaaseRobin_US.png,/en-us/players/11298-r.haase
53057,Keaton,HANCE,K.HANCE,,,USA,M,18 years-old,(6 March 2008),Right,-,-,https://images.prismic.io/fft-rg-site/aDwX4rh8WN-LVcz5_53057_G.png,/en-us/players/53057-k.hance
27046,Christian,HARRISON,C.HARRISON,,13,USA,M,31 years-old,(29 May 1994),Right,-,-,https://images.prismic.io/fft-rg-site/aDV73idWJ-7kSkQ__27046_G-1-.png,/en-us/players/27046-c.harrison
43672,Isabelle,HAVERLAG,I.HAVERLAG,,68,NED,F,25 years-old,(4 March 2001),Left,-,-,https://images.prismic.io/fft-rg-site/ahLsUrK9tuLqEGdi_20260524_PJ_HaverlagIsabelle_US.png,/en-us/players/43672-i.haverlag
56769,Jordyn,HAZELITT,J.HAZELITT,,,USA,F,16 years-old,(3 April 2010),-,-,-,,/en-us/players/56769-j.hazelitt
52771,Lucy,HEALD,L.HEALD,,,USA,F,16 years-old,(22 December 2009),-,-,-,,/en-us/players/52771-l.heald
13677,Harri,HELIOVAARA,H.HELIOVAARA,,4,FIN,M,36 years-old,(4 June 1989),Right,-,-,https://images.prismic.io/fft-rg-site/d3f2cebd-90ce-4e5e-a6c2-45c301c1c2ae_20240113_PJ_HeliovaaraHaari_US.png,/en-us/players/13677-h.heliovaara
54921,Tereza,HERMANOVA,T.HERMANOVA,,,CZE,F,-,,-,-,-,,/en-us/players/54921-t.hermanova
19884,Amandine,HESSE,A.HESSE,,,FRA,F,-,,-,-,-,,/en-us/players/19884-a.hesse
53156,Sofie,HETTLEROVA,S.HETTLEROVA,,,CZE,F,17 years-old,(21 March 2009),-,-,-,,/en-us/players/53156-s.hettlerova
42775,Alfie,HEWETT,A.HEWETT,,,GBR,M,28 years-old,(6 December 1997),-,-,-,https://images.prismic.io/fft-rg-site/Zl7I9Jm069VX1bom_42775_G.png,/en-us/players/42775-a.hewett
20471,Diego,HIDALGO,D.HIDALGO,,74,ECU,M,33 years-old,(18 April 1993),Left,-,-,https://images.prismic.io/fft-rg-site/aDV4tSdWJ-7kSkPA_20471_G.png,/en-us/players/20471-d.hidalgo
40415,Ray,HO,R.HO,,69,TPE,M,26 years-old,(13 February 2000),Left,-,-,https://images.prismic.io/fft-rg-site/ahHXhLK9tuLqEGOU_20260523_PJ_HoRay_US.png,/en-us/players/40415-r.ho
20026,Stephane,HOUDET,S.HOUDET,,,FRA,M,55 years-old,(20 November 1970),-,-,-,https://images.prismic.io/fft-rg-site/aDqwQ7h8WN-LVcUc_20026_G.png,/en-us/players/20026-s.houdet
25856,Eri,HOZUMI,E.HOZUMI,,37,JPN,F,32 years-old,(17 February 1994),Right,-,-,https://images.prismic.io/fft-rg-site/c3e35caa-7f63-4a4f-90bd-2b2d8e086f61_20180526_PJ_HozumiEri_US.png,/en-us/players/25856-e.hozumi
6004,Su-Wei,HSIEH,SW.HSIEH,,11,TPE,F,40 years-old,(4 January 1986),Right,-,-,https://images.prismic.io/fft-rg-site/9cf69228-6db6-44c5-af18-7f055dfebe9c_20190304_PJ_HsiehSuWei_US.png,/en-us/players/6004-sw.hsieh
51373,Eleejah,INISAN,E.INISAN,,,FRA,F,17 years-old,(6 July 2008),-,-,-,https://images.prismic.io/fft-rg-site/aCsmVSdWJ-7kSTB4_51373_G.png,/en-us/players/51373-e.inisan
32008,Gregoire,JACQ,G.JACQ,,194,FRA,M,33 years-old,(9 November 1992),Left,-,-,https://images.prismic.io/fft-rg-site/ZlxyH6WtHYXtT_1X_32008_G.JACQ.png,/en-us/players/32008-g.jacq
51722,Daniel,JADE,D.JADE,,,FRA,M,17 years-old,(16 March 2009),Right,-,-,https://images.prismic.io/fft-rg-site/ZlwfuqWtHYXtT_vT_51722_D.JADE.png,/en-us/players/51722-d.jade
53180,Alyssa,JAMES,A.JAMES,,,JAM,F,18 years-old,(26 February 2008),-,-,-,,/en-us/players/53180-a.james
39280,Hendrik,JEBENS,H.JEBENS,,67,GER,M,30 years-old,(8 August 1995),Right,-,-,https://images.prismic.io/fft-rg-site/ZlSB4Sk0V36pXqCb_39280_H.JEBENS.png,/en-us/players/39280-h.jebens
52784,Zhenxu,JI,Z.JI,,,CHN,M,26 years-old,(20 January 2000),-,-,-,,/en-us/players/52784-z.ji
38082,Xinyu,JIANG,X.JIANG,,36,CHN,F,27 years-old,(3 March 1999),Right,-,-,https://images.prismic.io/fft-rg-site/Zlsi-KWtHYXtT_dL_38082_X.JIANG.png,/en-us/players/38082-x.jiang
54751,Andrew,JOHNSON,A.JOHNSON,,,USA,M,16 years-old,(23 August 2009),Right,-,-,,/en-us/players/54751-a.johnson
54762,Daniel,JOVANOVSKI,D.JOVANOVSKI,,,AUS,M,18 years-old,(1 February 2008),Right,-,-,,/en-us/players/54762-d.jovanovski
31400,Yui,KAMIJI,Y.KAMIJI,,,JPN,F,32 years-old,(24 April 1994),-,-,-,https://images.prismic.io/fft-rg-site/aDqwg7h8WN-LVcUd_31400_G.png,/en-us/players/31400-y.kamiji
53554,Mickael,KAOUK,M.KAOUK,,,FRA,M,17 years-old,(25 August 2008),Right,-,-,https://images.prismic.io/fft-rg-site/aDxuo7h8WN-LVdK3_53554_G.png,/en-us/players/53554-m.kaouk
52817,Ahmet,KAPLAN,A.KAPLAN,,,TUR,M,24 years-old,(1 January 2002),-,-,-,https://images.prismic.io/fft-rg-site/aEKQP7h8WN-LVuDA_52817_G.png,/en-us/players/52817-a.kaplan
26428,Miyu,KATO,M.KATO,,52,JPN,F,31 years-old,(21 November 1994),Right,-,-,https://images.prismic.io/fft-rg-site/deac2a7a-5f55-47b7-9345-cedd6eff2092_20190307_PJ_KatoMiyu_US.png,/en-us/players/26428-m.kato
53099,Hyu,KAWANISHI,H.KAWANISHI,,,JPN,M,17 years-old,(2 December 2008),Left,-,-,https://images.prismic.io/fft-rg-site/aftRlsBOoF08xrww_20250531_PJ_KawanshiHyu_US.png,/en-us/players/53099-h.kawanishi
31283,Magali,KEMPEN,M.KEMPEN,,67,BEL,F,28 years-old,(30 November 1997),Right,-,-,https://images.prismic.io/fft-rg-site/ahMkybK9tuLqEGxG_20260524_PJ_KempenMagali_US.png,/en-us/players/31283-m.kempen
33486,Mariano,KESTELBOIM,M.KESTELBOIM,,101,ARG,M,30 years-old,(6 February 1996),Right,-,-,https://images.prismic.io/fft-rg-site/ahHkD7K9tuLqEGPI_20260522_PJ_KastelboimMariano_US.PNG,/en-us/players/33486-m.kestelboim
24266,Irina,KHROMACHEVA,I.KHROMACHEVA,,41,---,F,31 years-old,(12 May 1995),Left,-,-,https://images.prismic.io/fft-rg-site/cf711bc2-7e6c-4c3c-9055-957c7ef442df_Khromacheva.png,/en-us/players/24266-i.khromacheva
17395,Lyudmyla,KICHENOK,L.KICHENOK,,32,UKR,F,33 years-old,(20 July 1992),Right,-,-,https://images.prismic.io/fft-rg-site/aDQZfSdWJ-7kSiIy_17395_G.png,/en-us/players/17395-l.kichenok
17396,Nadiia,KICHENOK,N.KICHENOK,,63,UKR,F,33 years-old,(20 July 1992),Right,-,-,https://images.prismic.io/fft-rg-site/733c3db0-7d43-4221-bc2b-293f003ea515_20190305_PJ_KichenokNadiia_US.png,/en-us/players/17396-n.kichenok
40462,Mac,KIGER,M.KIGER,,77,USA,M,27 years-old,(19 December 1998),Right,-,-,,/en-us/players/40462-m.kiger
21642,Evan,KING,E.KING,,40,USA,M,34 years-old,(25 March 1992),Left,-,-,https://images.prismic.io/fft-rg-site/Zk3CPiol0Zci9WJc_21642_E.KING.png,/en-us/players/21642-e.king
38367,Vasil,KIRKOV,V.KIRKOV,,55,USA,M,27 years-old,(13 March 1999),Right,-,-,https://images.prismic.io/fft-rg-site/ahHaxrK9tuLqEGOo_20260523_PJ_KirkovVasil_US.png,/en-us/players/38367-v.kirkov
54747,Dimitar,KISIMOV,D.KISIMOV,,,BUL,M,18 years-old,(11 April 2008),-,-,-,,/en-us/players/54747-d.kisimov
45451,Benjamin,KITTAY,B.KITTAY,,100,USA,M,22 years-old,(27 August 2003),Right,-,-,https://images.prismic.io/fft-rg-site/ahLqPrK9tuLqEGdY_20260523_PJ_KittayBenjamin_US.png,/en-us/players/45451-b.kittay
9035,Andreja,KLEPAC,A.KLEPAC,,184,SLO,F,40 years-old,(13 March 1986),Right,-,-,https://images.prismic.io/fft-rg-site/e216bd2a-9b99-4580-b3ca-898e0476a276_20190303_PJ_KlepacAndreja_US.png,/en-us/players/9035-a.klepac
57200,Matthew,KNOESEN,M.KNOESEN,,,GBR,M,13 years-old,(27 December 2012),-,-,-,,/en-us/players/57200-m.knoesen
29550,Thanasi,KOKKINAKIS,T.KOKKINAKIS,,,AUS,M,30 years-old,(10 April 1996),Right,-,-,https://images.prismic.io/fft-rg-site/agnoDqYofJOwHTV4_20260118_PJ_KokkinakisThanasi_US.png,/en-us/players/29550-t.kokkinakis
54267,Yui,KOMADA,Y.KOMADA,,,JPN,F,15 years-old,(15 June 2010),-,-,-,,/en-us/players/54267-y.komada
55368,Tanishk,KONDURI,T.KONDURI,,,USA,M,17 years-old,(3 March 2009),Left,-,-,,/en-us/players/55368-t.konduri
54273,Jana,KOVACKOVA,J.KOVACKOVA,,396,CZE,F,15 years-old,(13 June 2010),-,-,-,https://images.prismic.io/fft-rg-site/aDwWg7h8WN-LVczy_54273_G.png,/en-us/players/54273-j.kovackova
25890,Danka,KOVINIC,D.KOVINIC,,,MNE,F,-,,-,-,-,https://images.prismic.io/fft-rg-site/50923182-d4f9-4d89-aae6-58b5ebef72cf_20170525_PJ_KovinicDanka_US.png,/en-us/players/25890-d.kovinic
40654,Mariia,KOZYREVA,M.KOZYREVA,,55,---,F,27 years-old,(22 May 1999),Right,-,-,https://images.prismic.io/fft-rg-site/ahA_krK9tuLqEEtz_20260522_PJ_KozyrevaMariia_US.png,/en-us/players/40654-m.kozyreva
19021,Austin,KRAJICEK,A.KRAJICEK,,33,USA,M,35 years-old,(16 June 1990),Left,-,-,https://images.prismic.io/fft-rg-site/f7d81b72-9dfd-40ba-8775-3d0d3466565a_20240113_PJ_KrajicekAustin_US.png,/en-us/players/19021-a.krajicek
25892,Desirae,KRAWCZYK,D.KRAWCZYK,,25,USA,F,32 years-old,(11 January 1994),Left,-,-,https://images.prismic.io/fft-rg-site/aDQaEydWJ-7kSiJD_25892_G.png,/en-us/players/25892-d.krawczyk
21648,Kevin,KRAWIETZ,K.KRAWIETZ,,10,GER,M,34 years-old,(24 January 1992),Right,-,-,https://images.prismic.io/fft-rg-site/16ba3976-7b84-4384-8605-17b280a6f254_20240112_PJ_KrawietzKevin_US.png,/en-us/players/21648-k.krawietz
21835,Aleksandra,KRUNIC,A.KRUNIC,,5,SRB,F,33 years-old,(15 March 1993),Right,-,-,https://images.prismic.io/fft-rg-site/d56b2ce6-b997-41fb-89e6-5d2cea2b27ec_20180523_PJ_KrunicAleksandra_US.png,/en-us/players/21835-a.krunic
56561,Jakub,KUSY,J.KUSY,,,CZE,M,17 years-old,(6 May 2009),-,-,-,,/en-us/players/56561-j.kusy
52443,Adelina,LACHINOVA,A.LACHINOVA,,,LAT,F,18 years-old,(10 February 2008),-,-,-,,/en-us/players/52443-a.lachinova
51212,Nadia,LAGAEV,N.LAGAEV,,,CAN,F,18 years-old,(18 January 2008),-,-,-,https://images.prismic.io/fft-rg-site/aDxOf7h8WN-LVdE5_51212_G.png,/en-us/players/51212-n.lagaev
49289,Guilhem,LAGET,G.LAGET,,,FRA,M,28 years-old,(30 April 1998),-,-,-,https://images.prismic.io/fft-rg-site/Zl7Dfpm069VX1blo_49289_G.png,/en-us/players/49289-g.laget
52447,Cindy,LANGLAIS,C.LANGLAIS,,,FRA,F,16 years-old,(23 June 2009),-,-,-,https://images.prismic.io/fft-rg-site/aCsnHCdWJ-7kSTDB_52447_G.png,/en-us/players/52447-c.langlais
52749,Alexander,LANTERMANN,A.LANTERMANN,,,BEL,M,16 years-old,(13 July 2009),-,-,-,,/en-us/players/52749-a.lantermann
45951,Andy,LAPTHORNE,A.LAPTHORNE,,,GBR,M,35 years-old,(11 October 1990),-,-,-,https://images.prismic.io/fft-rg-site/Zl7IuZm069VX1bok_45951_G.png,/en-us/players/45951-a.lapthorne
50744,Sol Ailin,LARRAYA GUIDI,SA.LARRAYA GUIDI,,,ARG,F,18 years-old,(21 February 2008),-,-,-,https://images.prismic.io/fft-rg-site/aDwfhLh8WN-LVc09_50744_G.png,/en-us/players/50744-sa.larraya-guidi
54929,Gonzalo Enrique,LAZARTE ,GE.LAZARTE ,,,ARG,M,20 years-old,(24 June 2005),-,-,-,,/en-us/players/54929-ge.lazarte-
54861,Ha Eum,LEE,HE.LEE,,,KOR,F,17 years-old,(24 June 2008),-,-,-,,/en-us/players/54861-he.lee
52956,Nauhany Vitoria,LEME DA SILVA,NV.LEME DA SILVA,,,BRA,F,16 years-old,(13 March 2010),-,-,-,https://images.prismic.io/fft-rg-site/aDxy9Lh8WN-LVdLu_52956_G.png,/en-us/players/52956-nv.leme-da-silva
52786,Xiaohui,LI,X.LI,,,CHN,F,26 years-old,(28 September 1999),-,-,-,https://images.prismic.io/fft-rg-site/aEKPN7h8WN-LVuCv_52786_G.png,/en-us/players/52786-x.li
53145,Yu-Chen,LIN,YC.LIN,,,TPE,F,16 years-old,(29 July 2009),-,-,-,,/en-us/players/53145-yc.lin
53631,Ferdinand,LIVET NOVKIRICHKA,F.LIVET NOVKIRICHKA,,,FRA,M,18 years-old,(28 March 2008),Left,-,-,https://images.prismic.io/fft-rg-site/aDxu87h8WN-LVdK4_53631_G.png,/en-us/players/53631-f.livet-novkirichka
53157,Anastasia,LIZUNOVA,A.LIZUNOVA,,,---,F,17 years-old,(18 November 2008),-,-,-,,/en-us/players/53157-a.lizunova
52775,Paula Michelle,LOPEZ MEZA,PM.LOPEZ MEZA,,,COL,F,16 years-old,(17 January 2010),-,-,-,,/en-us/players/52775-pm.lopez-meza
33141,Maia,LUMSDEN,M.LUMSDEN,,64,GBR,F,28 years-old,(10 January 1998),Right,-,-,https://images.prismic.io/fft-rg-site/ZlCYeiol0Zci9bUe_33141_M.LUMSDEN.PNG,/en-us/players/33141-m.lumsden
33513,Orlando,LUZ,O.LUZ,,32,BRA,M,28 years-old,(8 February 1998),Right,-,-,,/en-us/players/33513-o.luz
54925,Sergei,LYSOV,S.LYSOV,,,ISR,M,22 years-old,(22 April 2004),-,-,-,https://images.prismic.io/fft-rg-site/aD6qE7h8WN-LVgnE_54925_G.png,/en-us/players/54925-s.lysov
53041,Jamie,MACKENZIE,J.MACKENZIE,,,GER,M,18 years-old,(15 January 2008),Right,-,-,https://images.prismic.io/fft-rg-site/aD6ll7h8WN-LVgkU_53041_G.png,/en-us/players/53041-j.mackenzie
54856,Mariia,MAKAROVA,M.MAKAROVA,,,---,F,16 years-old,(14 January 2010),-,-,-,,/en-us/players/54856-m.makarova
28184,Jesika,MALECKOVA,J.MALECKOVA,,49,CZE,F,31 years-old,(16 August 1994),Right,-,-,,/en-us/players/28184-j.maleckova
54885,Alexandra,MALOVA,A.MALOVA,,,---,F,17 years-old,(31 May 2008),-,-,-,,/en-us/players/54885-a.malova
56585,Matisse,MARTIN,M.MARTIN,,,FRA,M,-,,-,-,-,,/en-us/players/56585-m.martin
12085,Fabrice,MARTIN,F.MARTIN,,,FRA,M,39 years-old,(11 September 1986),Right,-,-,https://images.prismic.io/fft-rg-site/30c3014f-b976-4eb5-a3ee-dcecfbcf973b_20220310_PJ_MartinFabrice_US.png,/en-us/players/12085-f.martin
31250,Ingrid,MARTINS,I.MARTINS,,85,BRA,F,29 years-old,(22 August 1996),Right,-,-,https://images.prismic.io/fft-rg-site/ZlCYhSol0Zci9bUi_31250_I.GAMARRA-MARTINS.PNG,/en-us/players/31250-i.martins
54835,Simone,MASSELLANI,S.MASSELLANI,,,ITA,M,18 years-old,(12 January 2008),Left,-,-,,/en-us/players/54835-s.massellani
32262,Rafael,MATOS,R.MATOS,,31,BRA,M,30 years-old,(6 January 1996),Left,-,-,https://images.prismic.io/fft-rg-site/39d9c162-b9cd-44e0-add8-441db499ad79_20220521_PJ_MatosRafael_US.png,/en-us/players/32262-r.matos
14963,Nikola,MEKTIC,N.MEKTIC,,18,CRO,M,37 years-old,(24 December 1988),Right,-,-,https://images.prismic.io/fft-rg-site/602a9d41-90b6-4f24-a97b-7a144e389ba8_Mektic.N_11820_LR+CUT.png,/en-us/players/14963-n.mektic
23852,Nicole,MELICHAR-MARTINEZ,N.MELICHAR-MARTINEZ,,15,USA,F,32 years-old,(29 July 1993),Right,-,-,https://images.prismic.io/fft-rg-site/aetalMBOoF08xRzd_20260303_PJ_MelicharNicole_US.png,/en-us/players/23852-n.melichar-martinez
4912,Marcelo,MELO,M.MELO,,43,BRA,M,42 years-old,(23 September 1983),Right,-,-,https://images.prismic.io/fft-rg-site/dbea6717-ca23-4e3c-802f-28a90c9c7e4b_20200117_PJ_MeloMarcelo_US.png,/en-us/players/4912-m.melo
31094,Lucas,MIEDLER,L.MIEDLER,,22,AUT,M,29 years-old,(21 June 1996),Right,-,-,https://images.prismic.io/fft-rg-site/67d01baf-51de-4d66-84ad-2360e443c2ce_20240108_PJ_MiedlerLucas_US.png,/en-us/players/31094-l.miedler
53043,Guto,MIGUEL,G.MIGUEL,,177,BRA,M,17 years-old,(26 February 2009),Right,-,-,https://images.prismic.io/fft-rg-site/ZlrrEaWtHYXtT_Vt_53043_LA.QUEIROZ-MIGUEL.png,/en-us/players/53043-g.miguel
33686,Tereza,MIHALIKOVA,T.MIHALIKOVA,,30,SVK,F,27 years-old,(2 June 1998),Right,-,-,https://images.prismic.io/fft-rg-site/ag3OdaYofJOwHb3W_20260520_PJ_MihalikovaTereza_US.png,/en-us/players/33686-t.mihalikova
36632,Takuya,MIKI,T.MIKI,,,JPN,M,37 years-old,(30 April 1989),-,-,-,https://images.prismic.io/fft-rg-site/a9c4086f-27b9-48a0-983b-bbcf05a7bc8d_36632_G.png,/en-us/players/36632-t.miki
19921,Kristina,MLADENOVIC,K.MLADENOVIC,,50,FRA,F,33 years-old,(14 May 1993),Right,-,-,https://images.prismic.io/fft-rg-site/f206b2ec-eacc-4b98-aa2e-0c1bbe7dc6ff_20190304_PJ_MladenovicKristina_US.png,/en-us/players/19921-k.mladenovic
13917,Andres,MOLTENI,A.MOLTENI,,44,ARG,M,38 years-old,(15 March 1988),Right,-,-,https://images.prismic.io/fft-rg-site/4db7d6c9-4916-4603-a7e5-73c4d9233a69_20220309_PJ_MolteniAndres_US.png,/en-us/players/13917-a.molteni
33800,Kgothatso,MONTJANE,K.MONTJANE,,,RSA,F,39 years-old,(3 June 1986),-,-,-,https://images.prismic.io/fft-rg-site/aEKRF7h8WN-LVuDg_33800_G.png,/en-us/players/33800-k.montjane
37445,Nicolas,MORENO DE ALBORAN,N.MORENO DE ALBORAN,,,USA,M,28 years-old,(14 July 1997),Right,-,-,https://images.prismic.io/fft-rg-site/aeoorcBOoF08xQEx_20260116_PJ_MorenoDeAlboranNicolas_US.png,/en-us/players/37445-n.moreno-de-alboran
51368,Daphnée,MPETSHI PERRICARD,D.MPETSHI PERRICARD,,,FRA,F,17 years-old,(21 November 2008),-,-,-,https://images.prismic.io/fft-rg-site/agnP-aYofJOwHTSO_20260517_PJ_MpetshiPerricardDaphnee_US.png,/en-us/players/51368-d.mpetshi-perricard
15105,Tereza,MRDEZA,T.MRDEZA,,,CRO,F,-,,-,-,-,https://images.prismic.io/fft-rg-site/031e864e-df90-4ef7-b568-31edca0c0b92_20200923_PJ_MrdezaTereza_US.png,/en-us/players/15105-t.mrdeza
17057,Asia,MUHAMMAD,A.MUHAMMAD,,26,USA,F,35 years-old,(4 April 1991),Right,-,-,https://images.prismic.io/fft-rg-site/aDQa2ydWJ-7kSiKB_17057_G.png,/en-us/players/17057-a.muhammad
11301,Aleksandr,NEDOVYESOV,A.NEDOVYESOV,,,KAZ,M,-,,-,-,-,https://images.prismic.io/fft-rg-site/7bbc49a6-c918-4b87-b9f7-3bfe04868da8_20140528_PJ_NedovyesovAleksandr_US.png,/en-us/players/11301-a.nedovyesov
54381,Welles,NEWMAN,W.NEWMAN,,,USA,F,16 years-old,(11 February 2010),-,-,-,,/en-us/players/54381-w.newman
38174,Olivia,NICHOLLS,O.NICHOLLS,,30,GBR,F,31 years-old,(26 October 1994),Right,-,-,https://images.prismic.io/fft-rg-site/ZlSB9Ck0V36pXqCk_38174_O.NICHOLLS.png,/en-us/players/38174-o.nicholls
28244,Makoto,NINOMIYA,M.NINOMIYA,,61,JPN,F,31 years-old,(28 May 1994),Right,-,-,https://images.prismic.io/fft-rg-site/1c2af2d7-8565-44ab-b056-88b921848b3a_20190306_PJ_NinomiyaMakoto_US.png,/en-us/players/28244-m.ninomiya
39518,Petr,NOUZA,P.NOUZA,,52,CZE,M,27 years-old,(9 September 1998),Right,-,-,https://images.prismic.io/fft-rg-site/ahHUrbK9tuLqEGOM_20260523_PJ_NouzaPetr_US.png,/en-us/players/39518-p.nouza
53027,Zangar,NURLANULY,Z.NURLANULY,,,KAZ,M,17 years-old,(4 July 2008),Left,-,-,https://images.prismic.io/fft-rg-site/aDxwM7h8WN-LVdLC_53027_G.png,/en-us/players/53027-z.nurlanuly
25222,Hugo,NYS,H.NYS,,20,MON,M,35 years-old,(16 February 1991),Right,-,-,https://images.prismic.io/fft-rg-site/eeccde68-4052-4e6e-9d5e-c607f55fa3bc_20240113_PJ_NysHugo_US.png,/en-us/players/25222-h.nys
40550,Neil,OBERLEITNER,N.OBERLEITNER,,59,AUT,M,26 years-old,(5 August 1999),Right,-,-,https://images.prismic.io/fft-rg-site/ahMng7K9tuLqEGxN_20260524_PJ_OberleitnerNeil_US.png,/en-us/players/40550-n.oberleitner
49290,Tokito,ODA,T.ODA,,,JPN,M,20 years-old,(8 May 2006),-,-,-,https://images.prismic.io/fft-rg-site/aDqxobh8WN-LVcUm_49290_G.png,/en-us/players/49290-t.oda
21982,Albano,OLIVETTI,A.OLIVETTI,,26,FRA,M,34 years-old,(24 November 1991),Right,-,-,https://images.prismic.io/fft-rg-site/bce2b80c-7de5-4450-b7f9-5ed47eddaddb_20240113_PJ_OlivettiAlbano_US.png,/en-us/players/21982-a.olivetti
25987,Giuliana,OLMOS,G.OLMOS,,43,MEX,F,33 years-old,(4 March 1993),Right,-,-,https://images.prismic.io/fft-rg-site/aetalsBOoF08xRzf_20260303_PJ_OlmosGiuliana_US.png,/en-us/players/25987-g.olmos
51933,Dante,PAGANI,D.PAGANI,,,ARG,M,17 years-old,(31 July 2008),Right,-,-,https://images.prismic.io/fft-rg-site/afxRV8BOoF08xtbj_20250531_PJ_PaganiDante_US.png,/en-us/players/51933-d.pagani
12818,Alexandra,PANOVA,A.PANOVA,,27,---,F,37 years-old,(2 March 1989),Right,-,-,https://images.prismic.io/fft-rg-site/921f7cc0-aa8d-427e-919d-dff6b222c003_20170527_PJ_PanovaAlexandra_US.png,/en-us/players/12818-a.panova
51941,Arnav Vijay,PAPARKAR,AV.PAPARKAR,,,IND,M,18 years-old,(18 February 2008),-,-,-,,/en-us/players/51941-av.paparkar
46404,Henry,PATTEN,H.PATTEN,,4,GBR,M,30 years-old,(6 May 1996),Left,-,-,https://images.prismic.io/fft-rg-site/ZlSE6Sk0V36pXqEs_46404_Patten.png,/en-us/players/46404-h.patten
40518,Jakub,PAUL,J.PAUL,,70,SUI,M,27 years-old,(22 March 1999),Right,-,-,,/en-us/players/40518-j.paul
24145,Mate,PAVIC,M.PAVIC,,15,CRO,M,32 years-old,(4 July 1993),Left,-,-,https://images.prismic.io/fft-rg-site/018ac85f-8926-45b7-bbed-1c9098f2e6ba_Pavic.m_11808_LR+CUT.png,/en-us/players/24145-m.pavic
26314,Adam,PAVLASEK,A.PAVLASEK,,47,CZE,M,31 years-old,(8 October 1994),Right,-,-,https://images.prismic.io/fft-rg-site/63fde39f-4e15-4d35-a605-3b82e87ce780_20190521_PJ_PavlasekAdam_US.png,/en-us/players/26314-a.pavlasek
17645,John,PEERS,J.PEERS,,63,AUS,M,37 years-old,(25 July 1988),Right,-,-,https://images.prismic.io/fft-rg-site/f23f62f2-5508-4c07-99a7-99e55c13873f_20240112_PJ_PeersJohn_US.png,/en-us/players/17645-j.peers
21688,David,PEL,D.PEL,,29,NED,M,34 years-old,(9 July 1991),Left,-,-,,/en-us/players/21688-d.pel
30781,Ellen,PEREZ,E.PEREZ,,22,AUS,F,30 years-old,(10 October 1995),Left,-,-,https://images.prismic.io/fft-rg-site/aetafMBOoF08xRzF_20260228_PJ_PerezEllen_US.png,/en-us/players/30781-e.perez
45897,Filip,PIECZONKA,F.PIECZONKA,,83,POL,M,22 years-old,(9 April 2004),Left,-,-,https://images.prismic.io/fft-rg-site/ahHbYrK9tuLqEGOt_20260523_PJ_PieczonkaFilip_US.png,/en-us/players/45897-f.pieczonka
54416,Paola,PINERA CELORIO,P.PINERA CELORIO,,,ESP,F,15 years-old,(28 September 2010),-,-,-,,/en-us/players/54416-p.pinera-celorio
17108,Katarzyna,PITER,K.PITER,,58,POL,F,35 years-old,(16 February 1991),Right,-,-,https://images.prismic.io/fft-rg-site/ahHaYbK9tuLqEGOm_20260523_PJ_PiterKatarsyna_US.png,/en-us/players/17108-k.piter
53135,Giulia Safina,POPA,GS.POPA,,,ROU,F,16 years-old,(9 November 2009),-,-,-,https://images.prismic.io/fft-rg-site/afxHLsBOoF08xtOC_20250531_PJ_PopaGiuliaSafina_US.png,/en-us/players/53135-gs.popa
54945,Pablo,PRADAT,P.PRADAT,,,FRA,M,-,,-,-,-,https://images.prismic.io/fft-rg-site/aEKS1rh8WN-LVuEB_54945_G.png,/en-us/players/54945-p.pradat
56302,Janae,PRESTON,J.PRESTON,,,USA,F,15 years-old,(13 August 2010),-,-,-,,/en-us/players/56302-j.preston
27495,Tim,PUETZ,T.PUETZ,,12,GER,M,38 years-old,(19 November 1987),Right,-,-,https://images.prismic.io/fft-rg-site/e997203e-5432-44c1-ad81-51c3121fbfa6_20240112_PJ_PuetzTim_US.png,/en-us/players/27495-t.puetz
53152,Anna,PUSHKAREVA,A.PUSHKAREVA,,,---,F,17 years-old,(22 April 2009),-,-,-,,/en-us/players/53152-a.pushkareva
54430,Yihan,QU,Y.QU,,,CHN,F,17 years-old,(22 March 2009),-,-,-,,/en-us/players/54430-y.qu
53123,Maaya,RAJESHWARAN REVATHI,M.RAJESHWARAN REVATHI,,,IND,F,16 years-old,(12 June 2009),-,-,-,,/en-us/players/53123-m.rajeshwaran-revathi
6128,Rajeev,RAM,R.RAM,,53,USA,M,42 years-old,(18 March 1984),Right,-,-,https://images.prismic.io/fft-rg-site/db6992d9-8649-414b-aa98-64320a9a1ba7_20220309_PJ_RamRajeev_US.png,/en-us/players/6128-r.ram
47742,Casey,RATZLAFF,C.RATZLAFF,,,USA,M,27 years-old,(7 September 1998),-,-,-,https://images.prismic.io/fft-rg-site/aDwj5bh8WN-LVc1i_47742_G.png,/en-us/players/47742-c.ratzlaff
28609,Fabien,REBOUL,F.REBOUL,,25,FRA,M,30 years-old,(9 September 1995),Right,-,-,https://images.prismic.io/fft-rg-site/14b46c5c-7dd7-4ae4-b915-1104f8fa6ebc_20201207_PJ_ReboulFabien_US.png,/en-us/players/28609-f.reboul
33799,Gordon,REID,G.REID,,,GBR,M,34 years-old,(2 October 1991),-,-,-,https://images.prismic.io/fft-rg-site/81c4ecc3-459a-4bbb-b291-51ff5c2eb867_20220529_RG_BB_3286_US.png,/en-us/players/33799-g.reid
54789,Vincent Jakob,REISACH,VJ.REISACH,,,GER,M,17 years-old,(13 March 2009),Left,-,-,,/en-us/players/54789-vj.reisach
25355,Miguel,REYES-VARELA,M.REYES-VARELA,,81,MEX,M,38 years-old,(21 June 1987),Right,-,-,https://images.prismic.io/fft-rg-site/b87aea59-0552-40f0-a440-631264ec07d8_20240112_PJ_ReyesVarelaMiguelAngel_US.png,/en-us/players/25355-m.reyes-varela
37631,Arthur,REYMOND,A.REYMOND,,88,FRA,M,27 years-old,(2 April 1999),Left,-,-,,/en-us/players/37631-a.reymond
38362,Patrik,RIKL,P.RIKL,,49,CZE,M,27 years-old,(6 January 1999),Right,-,-,https://images.prismic.io/fft-rg-site/ahHVDLK9tuLqEGON_20260523_PJ_RiklPatrik_US.png,/en-us/players/38362-p.rikl
47736,Daniel,RODRIGUES,D.RODRIGUES,,,BRA,M,39 years-old,(10 November 1986),-,-,-,,/en-us/players/47736-d.rodrigues
7773,Edouard,ROGER-VASSELIN,E.ROGER-VASSELIN,,19,FRA,M,42 years-old,(28 November 1983),Right,-,-,https://images.prismic.io/fft-rg-site/e9e5e670-9a3c-418e-a5bc-e012b4d7339c_20240113_PJ_RogerVasselinEdouard_US.png,/en-us/players/7773-e.roger-vasselin
17665,Fernando,ROMBOLI,F.ROMBOLI,,73,BRA,M,37 years-old,(4 January 1989),Right,-,-,https://images.prismic.io/fft-rg-site/aDlbUSdWJ-7kSt8b_17665_G.png,/en-us/players/17665-f.romboli
28328,Erin,ROUTLIFFE,E.ROUTLIFFE,,14,NZL,F,31 years-old,(11 April 1995),Right,-,-,https://images.prismic.io/fft-rg-site/aetal8BOoF08xRzg_20260303_PJ_RoutliffeErin_US.png,/en-us/players/28328-e.routliffe
54684,Savva,RYBKIN,S.RYBKIN,,,---,M,17 years-old,(4 February 2009),Left,-,-,https://images.prismic.io/fft-rg-site/aDxaBbh8WN-LVdG5_54684_G.png,/en-us/players/54684-s.rybkin
27576,Joe,SALISBURY,J.SALISBURY,,8,GBR,M,34 years-old,(20 April 1992),Right,-,-,https://images.prismic.io/fft-rg-site/b997421d-8dc6-4866-86ed-205718dcd600_20220309_PJ_SalisburyJoe_US.png,/en-us/players/27576-j.salisbury
45073,Luca,SANCHEZ,L.SANCHEZ,,76,FRA,M,27 years-old,(18 March 1999),Right,-,-,https://images.prismic.io/fft-rg-site/ahLrJrK9tuLqEGde_20260524_PJ_SanchezLuka_US.PNG,/en-us/players/45073-l.sanchez
54457,Nehira,SANON,N.SANON,,,FRA,F,16 years-old,(10 July 2009),-,-,-,https://images.prismic.io/fft-rg-site/aDxZn7h8WN-LVdGw_54457_G.png,/en-us/players/54457-n.sanon
52814,Guy,SASSON,G.SASSON,,,ISR,M,46 years-old,(28 April 1980),-,-,-,https://images.prismic.io/fft-rg-site/aDqwyrh8WN-LVcUi_52814_G.png,/en-us/players/52814-g.sasson
36394,Jakob,SCHNAITTER,J.SCHNAITTER,,35,GER,M,30 years-old,(7 March 1996),Right,-,-,https://images.prismic.io/fft-rg-site/aDldHidWJ-7kSt_x_36394_G.png,/en-us/players/36394-j.schnaitter
45954,Sam,SCHRODER,S.SCHRODER,,,NED,M,26 years-old,(25 September 1999),-,-,-,https://images.prismic.io/fft-rg-site/aEKRirh8WN-LVuDs_45954_G.png,/en-us/players/45954-s.schroder
21875,Demi,SCHUURS,D.SCHUURS,,23,NED,F,32 years-old,(1 August 1993),Right,-,-,https://images.prismic.io/fft-rg-site/aetai8BOoF08xRzU_20260302_PJ_SchuursDemi_US.png,/en-us/players/21875-d.schuurs
52995,Jack,SECORD,J.SECORD,,,USA,M,17 years-old,(11 September 2008),Left,-,-,https://images.prismic.io/fft-rg-site/aDxXlrh8WN-LVdGf_52995_G.png,/en-us/players/52995-j.secord
41611,Ryan,SEGGERMAN,R.SEGGERMAN,,65,USA,M,26 years-old,(6 August 1999),Right,-,-,https://images.prismic.io/fft-rg-site/ahHVprK9tuLqEGOO_20260522_PJ_SeggermanRyan_US.png,/en-us/players/41611-r.seggerman
53892,Ziga,SESKO,Z.SESKO,,,SLO,M,17 years-old,(27 July 2008),Left,-,-,,/en-us/players/53892-z.sesko
54478,Yushan,SHAO,Y.SHAO,,,CHN,F,17 years-old,(26 December 2008),-,-,-,,/en-us/players/54478-y.shao
54858,Polina,SKLIAR,P.SKLIAR,,,UKR,F,15 years-old,(24 October 2010),-,-,-,,/en-us/players/54858-p.skliar
33670,Miriam,SKOCH,M.SKOCH,,48,CZE,F,29 years-old,(11 April 1997),Right,-,-,https://images.prismic.io/fft-rg-site/f57fce6d-ffc7-46db-a44e-d70afb58f02d_Kolodziejova.png,/en-us/players/33670-m.skoch
23353,Neal,SKUPSKI,N.SKUPSKI,,1,GBR,M,36 years-old,(1 December 1989),Right,-,-,https://images.prismic.io/fft-rg-site/1124d796-6748-4fd7-b82d-87c310763287_20240112_PJ_SkupskiNeal_US.png,/en-us/players/23353-n.skupski
54779,Leon,SLOBODA,L.SLOBODA,,,SVK,M,17 years-old,(30 March 2009),Left,-,-,,/en-us/players/54779-l.sloboda
54488,Hollie,SMART,H.SMART,,,GBR,F,-,,-,-,-,,/en-us/players/54488-h.smart
15272,John-Patrick,SMITH,JP.SMITH,,54,AUS,M,37 years-old,(24 January 1989),Left,-,-,https://images.prismic.io/fft-rg-site/aeooscBOoF08xQE1_20260116_PJ_SmithJohnPatrick_US.png,/en-us/players/15272-jp.smith
47740,Ruben,SPAARGAREN,R.SPAARGAREN,,,NED,M,26 years-old,(12 June 1999),-,-,-,https://images.prismic.io/fft-rg-site/Zl7FhZm069VX1bmv_47740_G.png,/en-us/players/47740-r.spaargaren
36148,Luisa,STEFANI,L.STEFANI,,9,BRA,F,28 years-old,(9 August 1997),Right,-,-,https://images.prismic.io/fft-rg-site/aetafcBOoF08xRzG_20260228_PJ_StefaniLuisa_US.png,/en-us/players/36148-l.stefani
38509,Bart,STEVENS,B.STEVENS,,58,NED,M,28 years-old,(29 January 1998),Right,-,-,https://images.prismic.io/fft-rg-site/04f3201d-b0d8-48e8-9aaf-bd3728440041_20240113_PJ_StevensBart_US.png,/en-us/players/38509-b.stevens
36599,Fanny,STOLLAR,F.STOLLAR,,33,HUN,F,27 years-old,(12 November 1998),Right,-,-,https://images.prismic.io/fft-rg-site/aetamsBOoF08xRzj_20260303_PJ_StollarFanny_US.png,/en-us/players/36599-f.stollar
54772,Leonardo,STORCK FRANCA,L.STORCK FRANCA,,,BRA,M,17 years-old,(30 January 2009),Left,-,-,,/en-us/players/54772-l.storck-franca
51006,Julia,STUSEK,J.STUSEK,,,GER,F,17 years-old,(30 June 2008),-,-,-,https://images.prismic.io/fft-rg-site/Zl3nXJm069VX1asC_51006_J.STUSEK.png,/en-us/players/51006-j.stusek
54845,Xinran,SUN,X.SUN,,,CHN,F,15 years-old,(23 July 2010),-,-,-,https://images.prismic.io/fft-rg-site/aDxvkbh8WN-LVdK__54845_G.png,/en-us/players/54845-x.sun
52970,Antonina,SUSHKOVA,A.SUSHKOVA,,,UKR,F,17 years-old,(25 October 2008),-,-,-,,/en-us/players/52970-a.sushkova
26498,Aldila,SUTJIADI,A.SUTJIADI,,45,INA,F,31 years-old,(2 May 1995),Right,-,-,https://images.prismic.io/fft-rg-site/34393b5d-63ac-459a-9403-e67d4389d2c7_Sutjiadi.png,/en-us/players/26498-a.sutjiadi
53038,Ryo,TABATA,R.TABATA,,,JPN,M,18 years-old,(6 January 2008),Right,-,-,https://images.prismic.io/fft-rg-site/aDxwfLh8WN-LVdLD_53038_G.png,/en-us/players/53038-r.tabata
45947,Manami,TANAKA,M.TANAKA,,,JPN,F,29 years-old,(10 June 1996),-,-,-,https://images.prismic.io/fft-rg-site/aD6pOLh8WN-LVgmq_45947_G.png,/en-us/players/45947-m.tanaka
38290,Qianhui,TANG,Q.TANG,,66,CHN,F,25 years-old,(10 September 2000),Right,-,-,,/en-us/players/38290-q.tang
52676,Mariella,THAMM,M.THAMM,,,GER,F,16 years-old,(21 August 2009),-,-,-,https://images.prismic.io/fft-rg-site/aDxzQLh8WN-LVdM1_52676_G.png,/en-us/players/52676-m.thamm
38299,Karman,THANDI,K.THANDI,,,IND,F,27 years-old,(16 June 1998),-,-,-,https://images.prismic.io/fft-rg-site/agh-kKYofJOwHS0Y_20260516_PJ_ThandiKarman_US.png,/en-us/players/38299-k.thandi
52074,Flynn,THOMAS,F.THOMAS,,,SUI,M,17 years-old,(9 July 2008),Left,-,-,https://images.prismic.io/fft-rg-site/aDwa3bh8WN-LVc0I_52074_G.png,/en-us/players/52074-f.thomas
54775,Kai,THOMPSON,K.THOMPSON,,,HKG,M,17 years-old,(25 July 2008),Left,-,-,,/en-us/players/54775-k.thompson
52078,Matei,TODORAN,M.TODORAN,,,ROU,M,18 years-old,(3 January 2008),-,-,-,,/en-us/players/52078-m.todoran
47171,Jj,TRACY,J.TRACY,,27,USA,M,23 years-old,(10 July 2002),Right,-,-,https://images.prismic.io/fft-rg-site/aeooycBOoF08xQFQ_20260117_PJ_TracyJames_US.png,/en-us/players/47171-j.tracy
52085,Patrik,TRHAC,P.TRHAC,,64,USA,M,27 years-old,(31 October 1998),Right,-,-,https://images.prismic.io/fft-rg-site/ahMmj7K9tuLqEGxM_20260524_PJ_TrhacPatrik_US.PNG,/en-us/players/52085-p.trhac
52087,Timeo,TRUFELLI,T.TRUFELLI,,,FRA,M,18 years-old,(20 February 2008),Right,-,-,https://images.prismic.io/fft-rg-site/ZlwfuaWtHYXtT_vS_52087_T.TRUFELLI.png,/en-us/players/52087-t.trufelli
54732,Ekaterina,TUPITSYNA,E.TUPITSYNA,,,---,F,17 years-old,(2 July 2008),-,-,-,https://images.prismic.io/fft-rg-site/aDwKUrh8WN-LVcy__54732_G.png,/en-us/players/54732-e.tupitsyna
21988,Aniek,VAN KOOT,A.VAN KOOT,,,NED,F,35 years-old,(15 August 1990),-,-,-,https://images.prismic.io/fft-rg-site/8979f409-89a3-42a9-add9-f364b81ae097_20220529_PJ_VanKootAniek_US.png,/en-us/players/21988-a.van-koot
35439,Andrea,VAVASSORI,A.VAVASSORI,,9,ITA,M,31 years-old,(5 May 1995),Right,-,-,https://images.prismic.io/fft-rg-site/Zkp6Eyol0Zci9ROk_35439_G.png,/en-us/players/35439-a.vavassori
15280,Michael,VENUS,M.VENUS,,48,NZL,M,38 years-old,(16 October 1987),Right,-,-,https://images.prismic.io/fft-rg-site/fc05db7a-9d2e-43eb-a6af-ecc283451c71_20220309_PJ_Ven_USMichael__US_US.png,/en-us/players/15280-m.venus
39829,Sem,VERBEEK,S.VERBEEK,,71,NED,M,32 years-old,(12 April 1994),Left,-,-,https://images.prismic.io/fft-rg-site/aDQikCdWJ-7kSiQs_39829_G.png,/en-us/players/39829-s.verbeek
47753,Niels,VINK,N.VINK,,,NED,M,23 years-old,(6 December 2002),-,-,-,https://images.prismic.io/fft-rg-site/90d2bc43-1205-4246-ac16-8dac128a2957_20220529_PJ_VinksNiels_US.png,/en-us/players/47753-n.vink
56421,Lana,VIRC,L.VIRC,,,SRB,F,18 years-old,(23 April 2008),-,-,-,,/en-us/players/56421-l.virc
37872,Matej,VOCEL,M.VOCEL,,61,CZE,M,29 years-old,(20 May 1997),Right,-,-,https://images.prismic.io/fft-rg-site/ahBAH7K9tuLqEEt-_20260522_PJ_VocelMatej_US.png,/en-us/players/37872-m.vocel
50349,Mark,WALLNER,M.WALLNER,,35,GER,M,26 years-old,(20 July 1999),Right,-,-,https://images.prismic.io/fft-rg-site/aDlefSdWJ-7kSuCM_50349_G.png,/en-us/players/50349-m.wallner
52788,Ziying,WANG,Z.WANG,,,CHN,F,27 years-old,(15 August 1998),-,-,-,https://images.prismic.io/fft-rg-site/Zl7NjZm069VX1brE_52788_G.png,/en-us/players/52788-z.wang
56695,Kanta,WATANABE,K.WATANABE,,,JPN,M,17 years-old,(31 March 2009),-,-,-,,/en-us/players/56695-k.watanabe
19622,Marcus,WILLIS,M.WILLIS,,75,GBR,M,35 years-old,(9 October 1990),Left,-,-,,/en-us/players/19622-m.willis
54852,Ida,WOBKER,I.WOBKER,,,GER,F,15 years-old,(8 September 2010),-,-,-,,/en-us/players/54852-i.wobker
52752,Jin,WOODMAN,J.WOODMAN,,,AUS,M,17 years-old,(1 May 2009),-,-,-,,/en-us/players/52752-j.woodman
38332,Fang-Hsien,WU,FH.WU,,54,TPE,F,26 years-old,(15 July 1999),Right,-,-,https://images.prismic.io/fft-rg-site/aghjuqYofJOwHSt2_20260514_PJ_WuFangHsien_US.png,/en-us/players/38332-fh.wu
14872,Yifan,XU,Y.XU,,44,CHN,F,37 years-old,(8 August 1988),Left,-,-,https://images.prismic.io/fft-rg-site/bc433df9-7e18-4e18-9423-d564d35e49f4_20180305_PJ_XuYifan_US+%281%29.png,/en-us/players/14872-y.xu
11167,Horacio,ZEBALLOS,H.ZEBALLOS,,2,ARG,M,41 years-old,(27 April 1985),Left,-,-,https://images.prismic.io/fft-rg-site/efc6836a-e37c-4d3e-8fe9-b0ed3b0d5610_20220309_PJ_ZeballosHoracio_US.png,/en-us/players/11167-h.zeballos
53080,Damir,ZHALGASBAY,D.ZHALGASBAY,,,KAZ,M,18 years-old,(21 February 2008),Right,-,-,,/en-us/players/53080-d.zhalgasbay
52733,Ruien,ZHANG,R.ZHANG,,,CHN,F,18 years-old,(27 April 2008),-,-,-,https://images.prismic.io/fft-rg-site/aDxzlrh8WN-LVdNB_52733_G.png,/en-us/players/52733-r.zhang
53107,Sonja,ZHENIKHOVA,S.ZHENIKHOVA,,477,GER,F,18 years-old,(21 May 2008),-,-,-,,/en-us/players/53107-s.zhenikhova
47743,Zhenzhen,ZHU,Z.ZHU,,,CHN,F,37 years-old,(6 April 1989),-,-,-,https://images.prismic.io/fft-rg-site/aEKOlbh8WN-LVuCk_47743_G.png,/en-us/players/47743-z.zhu
54580,Denisa,ZOLDAKOVA,D.ZOLDAKOVA,,,CZE,F,18 years-old,(1 January 2008),-,-,-,,/en-us/players/54580-d.zoldakova
